code,name,ipo_date,type,inst
1680091.IB,16汇盛投资债,2016/3/21,企业债,浙江汇盛投资集团有限公司
127407.SH,PR汇盛债,2016/5/19,企业债,浙江汇盛投资集团有限公司
136683.SH,G16三峡2,2016/9/21,公司债,中国长江三峡集团有限公司
136626.SH,G16节能2,2016/9/26,公司债,中国节能环保集团有限公司
136714.SH,G16节能3,2016/10/21,公司债,中国节能环保集团有限公司
136715.SH,G16节能4,2016/10/21,公司债,中国节能环保集团有限公司
131656048.IB,16武汉地铁GN002,2016/10/27,中期票据,武汉地铁集团有限公司
142257.SH,PR公交6,2016/11/15,资产支持证券,无锡市交通产业集团有限公司
142258.SH,G锡公交7,2016/11/15,资产支持证券,无锡市交通产业集团有限公司
142259.SH,G锡公交8,2016/11/15,资产支持证券,无锡市交通产业集团有限公司
142260.SH,G锡公交9,2016/11/15,资产支持证券,无锡市交通产业集团有限公司
142261.SH,G锡交10,2016/11/15,资产支持证券,无锡市交通产业集团有限公司
1780006.IB,17龙湖绿色债02,2017/2/27,企业债,重庆龙湖企业拓展有限公司
127467.SH,G17龙湖2,2017/3/9,企业债,重庆龙湖企业拓展有限公司
1780014.IB,17龙湖绿色债03,2017/3/14,企业债,重庆龙湖企业拓展有限公司
127470.SH,G17龙湖3,2017/3/21,企业债,重庆龙湖企业拓展有限公司
081776007.IB,17北控水务ABN001次,2017/4/26,资产支持证券,北控水务(中国)投资有限公司
1780073.IB,17产建绿色01,2017/5/8,企业债,浏阳现代制造产业建设投资开发有限公司
127482.SH,PR产建1,2017/5/15,企业债,浏阳现代制造产业建设投资开发有限公司
143110.SH,G17龙源1,2017/5/31,公司债,龙源电力集团股份有限公司
1780092.IB,17云水务绿色债,2017/6/5,企业债,云南水务投资股份有限公司
139372.SH,G17云绿1,2017/6/9,企业债,云南水务投资股份有限公司
131760004.IB,17南通经开GN002,2017/6/23,定向工具,南通经济技术开发区控股集团有限公司
143130.SH,G17华电1,2017/6/23,公司债,中国华电集团有限公司
1780128.IB,17京汽绿色债,2017/7/10,企业债,北京汽车股份有限公司
127495.SH,G17京汽1,2017/7/21,企业债,北京汽车股份有限公司
1780148.IB,17丹投绿色债,2017/7/24,企业债,丹阳投资集团有限公司
131781001.IB,17武汉地铁GN001,2017/7/26,中期票据,武汉地铁集团有限公司
1780172.IB,17靖江绿色债,2017/7/31,企业债,靖江市滨江新城投资开发有限公司
1780179.IB,17龙源绿色债01,2017/8/3,企业债,龙源电力集团股份有限公司
143181.SH,G17华电3,2017/8/3,公司债,中国华电集团有限公司
1780189.IB,17洪泽绿色债,2017/8/7,企业债,江苏洪泽湖神舟旅游开发有限公司
143209.SH,G17光水1,2017/8/7,公司债,中国光大水务有限公司
146234.SH,G武铁10,2017/8/8,资产支持证券,武汉市轨道交通建设有限公司
146235.SH,G武铁11,2017/8/8,资产支持证券,武汉市轨道交通建设有限公司
146236.SH,G武铁12,2017/8/8,资产支持证券,武汉市轨道交通建设有限公司
146237.SH,G武铁13,2017/8/8,资产支持证券,武汉市轨道交通建设有限公司
146238.SH,G武铁14,2017/8/8,资产支持证券,武汉市轨道交通建设有限公司
146239.SH,G武铁15,2017/8/8,资产支持证券,武汉市轨道交通建设有限公司
146240.SH,G武铁16,2017/8/8,资产支持证券,武汉市轨道交通建设有限公司
146241.SH,G武铁17,2017/8/8,资产支持证券,武汉市轨道交通建设有限公司
146242.SH,G武铁18,2017/8/8,资产支持证券,武汉市轨道交通建设有限公司
146243.SH,G武铁19,2017/8/8,资产支持证券,武汉市轨道交通建设有限公司
146244.SH,G武铁20,2017/8/8,资产支持证券,武汉市轨道交通建设有限公司
127540.SH,G17龙源2,2017/8/15,企业债,龙源电力集团股份有限公司
1780215.IB,17产建绿色02,2017/8/15,企业债,浏阳现代制造产业建设投资开发有限公司
127570.SH,PR产建2,2017/8/23,企业债,浏阳现代制造产业建设投资开发有限公司
1780241.IB,17川纳绿色NPB,2017/8/23,企业债,四川纳兴实业集团有限公司
127556.SH,PR靖新债,2017/8/25,企业债,靖江市滨江新城投资开发有限公司
1780243.IB,17武汉地铁绿色债01,2017/8/28,企业债,武汉地铁集团有限公司
1780248.IB,17沣西绿色债,2017/8/29,企业债,陕西省西咸新区沣西新城开发建设(集团)有限公司
143249.SH,G17华电4,2017/9/1,公司债,中国华电集团有限公司
139362.SH,PR沣西G1,2017/9/5,企业债,陕西省西咸新区沣西新城开发建设(集团)有限公司
131760005.IB,17徐州经开GN001,2017/9/7,中期票据,徐州经济技术开发区国有资产经营有限责任公司
127589.SH,G17武铁1,2017/9/8,企业债,武汉地铁集团有限公司
1780278.IB,17广州发展绿色债01,2017/9/12,企业债,广州发展集团股份有限公司
1780277.IB,17汴投绿色债,2017/9/14,企业债,开封市发展投资集团有限公司
127616.SH,G17发展1,2017/9/19,企业债,广州发展集团股份有限公司
131751002.IB,17核风电GN001,2017/9/19,中期票据,中广核风电有限公司
143285.SH,G17风电1,2017/9/22,公司债,中节能风力发电股份有限公司
1780299.IB,17汇丰绿债,2017/9/26,企业债,萍乡市汇丰投资有限公司
127641.SH,PR汇丰债,2017/10/12,企业债,萍乡市汇丰投资有限公司
127617.SH,PR汴投1,2017/10/16,企业债,开封市发展投资集团有限公司
146326.SH,PRG桑德,2017/10/23,资产支持证券,北京京禹顺环保有限公司
146327.SH,G桑德次,2017/10/23,资产支持证券,北京京禹顺环保有限公司
1780350.IB,17扬中城投绿色债,2017/11/6,企业债,扬中市城市建设投资发展集团有限公司
1780354.IB,17丹徒建投债,2017/11/8,企业债,镇江市丹徒区建设投资有限公司
143347.SH,G17能源1,2017/11/14,公司债,山西国际能源集团有限公司
1780366.IB,17铜陵绿色NPB01,2017/11/20,企业债,铜陵市国有资本运营控股集团有限公司
127690.SH,PRG丹徒1,2017/11/29,企业债,镇江市丹徒区建设投资有限公司
1780364.IB,17森特债01,2017/12/1,企业债,湖南森特实业投资有限公司
112617.SZ,17深能G1,2017/12/4,公司债,深圳能源集团股份有限公司
127686.SH,G17扬城1,2017/12/20,企业债,扬中市城市建设投资发展集团有限公司
112623.SZ,17丽鹏G1,2017/12/20,公司债,山东中锐产业发展股份有限公司
112624.SZ,17鑫能G1,2017/12/21,公司债,协鑫智慧能源(苏州)有限公司
116714.SZ,节能优A,2017/12/28,资产支持证券,成都绿城节能投资有限公司
116715.SZ,节能优B,2017/12/28,资产支持证券,成都绿城节能投资有限公司
1780422.IB,17西藏开投绿色债NPB,2018/1/4,企业债,西藏开发投资集团有限公司
127718.SH,PR17森特,2018/1/11,企业债,湖南森特实业投资有限公司
131800004.IB,18越秀集团GN001,2018/2/28,中期票据,广州越秀集团股份有限公司
1880031.IB,18盐城城南债01,2018/3/22,企业债,盐城市城南新区开发建设投资有限公司
1880041.IB,18陕金控绿色债,2018/3/27,企业债,陕西金融控股集团有限公司
1880035.IB,18河钢绿色债,2018/3/29,企业债,河钢股份有限公司
127764.SH,PRG城南1,2018/4/3,企业债,盐城市城南新区开发建设投资有限公司
143519.SH,G18临港2,2018/4/4,公司债,上海临港经济发展(集团)有限公司
127782.SH,G18金控1,2018/4/16,企业债,陕西金融控股集团有限公司
1880061.IB,18武汉地铁绿色债01,2018/4/17,企业债,武汉地铁集团有限公司
1880001.IB,18国轩绿色债01,2018/4/19,企业债,国轩高科股份有限公司
143544.SH,G18华综1,2018/4/24,公司债,珠海华发综合发展有限公司
1880071.IB,18龙源绿色债01,2018/4/25,企业债,龙源电力集团股份有限公司
1880074.IB,18嘉湘绿色债,2018/4/26,企业债,嘉兴市湘家荡发展投资集团有限公司
127788.SH,G18武铁1,2018/4/27,企业债,武汉地铁集团有限公司
131800009.IB,18扬州交通GN001,2018/4/27,中期票据,扬州市交通产业集团有限责任公司
1880089.IB,18黄山债,2018/5/7,企业债,黄山城投集团有限公司
1880085.IB,18安吉绿色债01,2018/5/8,企业债,安吉县城市建设投资集团有限公司
1880106.IB,18广业绿色债01,2018/5/8,企业债,广东省环保集团有限公司
081800052.IB,18华润租赁ABN001次,2018/5/9,资产支持证券,华润融资租赁有限公司
127792.SH,G18龙源1,2018/5/10,企业债,龙源电力集团股份有限公司
111071.SZ,18河钢G1,2018/5/18,企业债,河钢股份有限公司
127806.SH,PRG安吉1,2018/5/21,企业债,安吉县城市建设投资集团有限公司
127798.SH,PRG嘉湘1,2018/5/23,企业债,嘉兴市湘家荡发展投资集团有限公司
127810.SH,G18广业1,2018/5/30,企业债,广东省环保集团有限公司
127808.SH,PRG黄山1,2018/7/11,企业债,黄山城投集团有限公司
143723.SH,G18风电1,2018/7/31,公司债,中节能风力发电股份有限公司
131800014.IB,18武汉地铁GN001,2018/7/31,中期票据,武汉地铁集团有限公司
SDE886.IOC,恒安电力05,2018/8/10,资产支持证券,金平新源水电开发有限公司
SDE887.IOC,恒安电力06,2018/8/10,资产支持证券,金平新源水电开发有限公司
SDE889.IOC,恒安电力07,2018/8/10,资产支持证券,金平新源水电开发有限公司
SDE890.IOC,恒安电力08,2018/8/10,资产支持证券,金平新源水电开发有限公司
SDE891.IOC,恒安电力09,2018/8/10,资产支持证券,金平新源水电开发有限公司
1880153.IB,18树业环保绿色债,2018/8/16,企业债,树业环保科技股份有限公司
143745.SH,G18三峡2,2018/8/16,公司债,中国长江三峡集团有限公司
149471.SH,PR能05,2018/8/22,资产支持证券,中节能(合肥)可再生能源有限公司
149472.SH,G节能次,2018/8/22,资产支持证券,中节能(合肥)可再生能源有限公司
127839.SH,G18树业,2018/8/27,企业债,树业环保科技股份有限公司
1880157.IB,18广业绿色债02,2018/8/27,企业债,广东省环保集团有限公司
1880165.IB,18武汉地铁绿色债02,2018/8/27,企业债,武汉地铁集团有限公司
150587.SH,G18青信1,2018/8/27,公司债,青岛国信发展(集团)有限责任公司
127845.SH,G18武铁2,2018/8/31,企业债,武汉地铁集团有限公司
143525.SH,G18光水1,2018/9/3,公司债,中国光大水务有限公司
127840.SH,G18广业2,2018/9/6,企业债,广东省环保集团有限公司
150646.SH,G18乌交1,2018/9/26,公司债,乌鲁木齐市城市交通投资有限责任公司
1880193.IB,18安吉绿色债02,2018/9/28,企业债,安吉县城市建设投资集团有限公司
127842.SH,PRG安吉2,2018/10/18,企业债,安吉县城市建设投资集团有限公司
131800018.IB,18三峡GN001,2018/12/4,中期票据,中国长江三峡集团有限公司
136914.SH,G18京Y4,2018/12/6,公司债,北京市基础设施投资有限公司
131800019.IB,18蓉城轨交GN001,2018/12/7,中期票据,成都轨道交通集团有限公司
155053.SH,G18首股,2018/12/10,公司债,北京首创生态环保集团股份有限公司
139235.SZ,18天汇08,2018/12/12,资产支持证券,海南海控能源股份有限公司
139236.SZ,18天汇09,2018/12/12,资产支持证券,海南海控能源股份有限公司
139237.SZ,18天汇10,2018/12/12,资产支持证券,海南海控能源股份有限公司
1880284.IB,18宜昌绿色债NPB,2018/12/20,企业债,宜昌高新投资开发有限公司
1880307.IB,18晋开绿色NPB,2018/12/21,企业债,河南晋开化工投资控股集团有限责任公司
1880301.IB,18先行绿色债,2018/12/24,企业债,江苏先行建设有限公司
1880315.IB,18河钢绿色可续期债01,2018/12/26,企业债,河钢集团有限公司
152047.SH,PR先行,2018/12/28,企业债,江苏先行建设有限公司
1980006.IB,19广铁绿色债01,2019/1/22,企业债,广州地铁集团有限公司
1980010.IB,19新兴绿色债01,2019/1/25,企业债,新兴铸管股份有限公司
081900034.IB,19广州地铁ABN001次,2019/1/25,资产支持证券,广州地铁集团有限公司
152075.SH,G19广铁1,2019/1/28,企业债,广州地铁集团有限公司
1980016.IB,19广水投绿色债01,2019/1/28,企业债,广州市水务投资集团有限公司
152078.SH,G19水投1,2019/1/31,企业债,广州市水务投资集团有限公司
131900003.IB,19水发集团GN001,2019/2/22,中期票据,水发集团有限公司
139411.SH,G18HGY1,2019/2/26,企业债,河钢集团有限公司
1980049.IB,19深圳能源绿色债01,2019/2/27,企业债,深圳能源集团股份有限公司
111076.SZ,19新兴G1,2019/2/28,企业债,新兴铸管股份有限公司
155180.SH,G19三峡1,2019/3/6,公司债,中国长江三峡集团有限公司
155181.SH,G19三峡2,2019/3/6,公司债,中国长江三峡集团有限公司
111077.SZ,19深能G1,2019/3/7,企业债,深圳能源集团股份有限公司
131900005.IB,19蓉城轨交GN001,2019/3/7,中期票据,成都轨道交通集团有限公司
1980065.IB,19西藏开投绿债NPB01,2019/3/8,企业债,西藏开发投资集团有限公司
131900006.IB,19南京地铁GN001,2019/3/15,中期票据,南京地铁集团有限公司
151193.SH,G19青信1,2019/3/18,公司债,青岛国信发展(集团)有限责任公司
156818.SH,G西江E4,2019/3/19,资产支持证券,广西西江集团投资股份有限公司
156819.SH,G西江E5,2019/3/19,资产支持证券,广西西江集团投资股份有限公司
156820.SH,G西江E次,2019/3/19,资产支持证券,广西西江集团投资股份有限公司
1980091.IB,19云投绿色债,2019/3/29,企业债,云南省投资控股集团有限公司
151320.SH,G19南浔1,2019/4/1,公司债,湖州南浔城市投资发展集团有限公司
151343.SH,G19海兴1,2019/4/1,公司债,盐城市海兴集团有限公司
1980089.IB,19新兴绿色债02,2019/4/2,企业债,新兴铸管股份有限公司
151345.SH,G19新港1,2019/4/10,公司债,湖北省港口集团有限公司
152141.SH,G19云投1,2019/4/17,企业债,云南省投资控股集团有限公司
112876.SZ,19太阳G1,2019/4/17,公司债,中节能太阳能股份有限公司
111078.SZ,19新兴G2,2019/4/19,企业债,新兴铸管股份有限公司
131900008.IB,19南州水务GN001,2019/4/19,定向工具,重庆市南州水务(集团)有限公司
1980133.IB,19青岛地铁绿色债01,2019/4/25,企业债,青岛地铁集团有限公司
132018.SH,G三峡EB1,2019/4/25,可交换债,中国长江三峡集团有限公司
155328.SH,19首集01,2019/4/26,公司债,北京首都创业集团有限公司
151450.SH,G19鲁钢1,2019/4/29,公司债,山东钢铁股份有限公司
081900195.IB,19深能南京绿色ABN001次,2019/4/30,资产支持证券,深能南京能源控股有限公司
1980144.IB,19兴蓉绿色债01,2019/5/5,企业债,成都市兴蓉环境股份有限公司
111081.SZ,19兴蓉G1,2019/5/14,企业债,成都市兴蓉环境股份有限公司
156916.SH,G国中优4,2019/5/16,资产支持证券,北京国中生物科技有限公司
156917.SH,G国中优5,2019/5/16,资产支持证券,北京国中生物科技有限公司
156918.SH,G国中优6,2019/5/16,资产支持证券,北京国中生物科技有限公司
156919.SH,G国中优7,2019/5/16,资产支持证券,北京国中生物科技有限公司
156920.SH,G国中优8,2019/5/16,资产支持证券,北京国中生物科技有限公司
156921.SH,G国中优9,2019/5/16,资产支持证券,北京国中生物科技有限公司
151449.SH,G19长滨1,2019/5/17,公司债,长兴滨湖建设开发有限公司
151563.SH,G19株国1,2019/5/23,公司债,株洲市国有资产投资控股集团有限公司
159096.SH,PRG漳交3,2019/5/24,资产支持证券,福建漳州市长运集团有限公司
159097.SH,G漳公交4,2019/5/24,资产支持证券,福建漳州市长运集团有限公司
159098.SH,G漳公交5,2019/5/24,资产支持证券,福建漳州市长运集团有限公司
159099.SH,G漳公交6,2019/5/24,资产支持证券,福建漳州市长运集团有限公司
159100.SH,G漳公交7,2019/5/24,资产支持证券,福建漳州市长运集团有限公司
159101.SH,G漳公交8,2019/5/24,资产支持证券,福建漳州市长运集团有限公司
159102.SH,G漳公交9,2019/5/24,资产支持证券,福建漳州市长运集团有限公司
159103.SH,G漳交次,2019/5/24,资产支持证券,福建漳州市长运集团有限公司
151584.SH,G19株国2,2019/5/29,公司债,株洲市国有资产投资控股集团有限公司
1980179.IB,19河钢绿色可续期债01,2019/6/10,企业债,河钢集团有限公司
1980182.IB,19木林森绿色债01,2019/6/10,企业债,木林森股份有限公司
139419.SH,G19QGY1,2019/6/11,企业债,青岛地铁集团有限公司
151611.SH,G19绿洲1,2019/6/11,公司债,浙江安吉国控建设发展集团有限公司
131900010.IB,19新疆能源GN001,2019/6/18,中期票据,新疆新能源(集团)有限责任公司
1980189.IB,19青州绿色债,2019/6/19,企业债,青州市宏源公有资产经营有限公司
1980185.IB,19亚迪绿色债01,2019/6/20,企业债,比亚迪股份有限公司
111082.SZ,19木森G1,2019/6/24,企业债,木林森股份有限公司
151525.SH,G19南浔2,2019/6/25,公司债,湖州南浔城市投资发展集团有限公司
1980199.IB,19深圳能源绿色债02,2019/6/27,企业债,深圳能源集团股份有限公司
1980198.IB,19盐城城南债01,2019/7/1,企业债,盐城市城南新区开发建设投资有限公司
131900011.IB,19华电GN001,2019/7/3,中期票据,中国华电集团有限公司
152217.SH,G19青州,2019/7/4,企业债,青州市宏源公有资产经营有限公司
131900012.IB,19三峡GN001,2019/7/8,中期票据,中国长江三峡集团有限公司
1924016.IB,19潞矿绿债NPB01,2019/7/9,企业债,山西潞安矿业(集团)有限责任公司
152221.SH,G19城南1,2019/7/10,企业债,盐城市城南新区开发建设投资有限公司
111083.SZ,19亚迪G1,2019/7/11,企业债,比亚迪股份有限公司
111084.SZ,19深能G2,2019/7/11,企业债,深圳能源集团股份有限公司
131900013.IB,19铜陵建投GN002,2019/7/15,中期票据,铜陵市建设投资控股有限责任公司
1980206.IB,19秀湖绿色NPB,2019/7/17,企业债,嘉兴市秀湖发展投资集团有限公司
131900014.IB,19福州水务GN001,2019/7/22,中期票据,福州水务集团有限公司
1980190.IB,19广铁绿色债02,2019/7/23,企业债,广州地铁集团有限公司
114514.SZ,19湘高G2,2019/7/23,公司债,湖南省高速公路集团有限公司
151824.SH,G19菱花1,2019/7/23,公司债,菱花集团有限公司
151825.SH,G19菱花2,2019/7/23,公司债,菱花集团有限公司
131900015.IB,19巨石GN001,2019/7/23,中期票据,中国巨石股份有限公司
152216.SH,G19广铁2,2019/7/24,企业债,广州地铁集团有限公司
151836.SH,G19济轨1,2019/7/31,公司债,济南轨道交通集团有限公司
152209.SH,G19HGY1,2019/8/1,企业债,河钢集团有限公司
159514.SH,G安运03,2019/8/2,资产支持证券,贵州省安顺汽车运输公司
159515.SH,G安运04,2019/8/2,资产支持证券,贵州省安顺汽车运输公司
159516.SH,G安运05,2019/8/2,资产支持证券,贵州省安顺汽车运输公司
159517.SH,G安运06,2019/8/2,资产支持证券,贵州省安顺汽车运输公司
159518.SH,G安运次,2019/8/2,资产支持证券,贵州省安顺汽车运输公司
151924.SH,G19织里1,2019/8/8,公司债,湖州新型城市投资发展集团有限公司
1980208.IB,19南川城投绿色NPB,2019/8/12,企业债,重庆市南川区城市建设投资(集团)有限公司
151934.SH,PRG国太,2019/8/13,公司债,苏州吴中国太发展有限公司
1980233.IB,19河钢绿色可续期债02,2019/8/14,企业债,河钢集团有限公司
1980250.IB,19潞矿绿债NPB02,2019/8/26,企业债,山西潞安矿业(集团)有限责任公司
159631.SH,PR武铁03,2019/8/26,资产支持证券,"武汉市轨道交通建设有限公司,武汉地铁集团有限公司"
159632.SH,G2武铁04,2019/8/26,资产支持证券,"武汉市轨道交通建设有限公司,武汉地铁集团有限公司"
159633.SH,G2武铁05,2019/8/26,资产支持证券,"武汉市轨道交通建设有限公司,武汉地铁集团有限公司"
159634.SH,G2武铁06,2019/8/26,资产支持证券,"武汉市轨道交通建设有限公司,武汉地铁集团有限公司"
159635.SH,G2武铁07,2019/8/26,资产支持证券,"武汉市轨道交通建设有限公司,武汉地铁集团有限公司"
159636.SH,G2武铁08,2019/8/26,资产支持证券,"武汉市轨道交通建设有限公司,武汉地铁集团有限公司"
159637.SH,G2武铁09,2019/8/26,资产支持证券,"武汉市轨道交通建设有限公司,武汉地铁集团有限公司"
159638.SH,G2武铁10,2019/8/26,资产支持证券,"武汉市轨道交通建设有限公司,武汉地铁集团有限公司"
081900310.IB,19比亚迪ABN001优先,2019/8/27,资产支持证券,比亚迪股份有限公司
081900311.IB,19比亚迪ABN001次,2019/8/27,资产支持证券,比亚迪股份有限公司
1980254.IB,19长交绿色债01,2019/8/30,企业债,长兴交通投资集团有限公司
131900016.IB,19三峡GN002,2019/8/30,中期票据,中国长江三峡集团有限公司
162041.SH,G19高能3,2019/9/3,公司债,北京高能时代环境技术股份有限公司
1980265.IB,19承控绿色债,2019/9/4,企业债,承德市国控投资集团有限责任公司
131900017.IB,19首都机场GN001,2019/9/4,中期票据,首都机场集团有限公司
1980262.IB,19广铁绿色债03,2019/9/5,企业债,广州地铁集团有限公司
151998.SH,G19长滨2,2019/9/5,公司债,长兴滨湖建设开发有限公司
139425.SH,G19HGY2,2019/9/6,企业债,河钢集团有限公司
159693.SH,PR交03,2019/9/6,资产支持证券,贺州公共交通有限公司
159694.SH,G贺交04,2019/9/6,资产支持证券,贺州公共交通有限公司
159695.SH,G贺交05,2019/9/6,资产支持证券,贺州公共交通有限公司
159696.SH,G贺交06,2019/9/6,资产支持证券,贺州公共交通有限公司
159697.SH,G贺交次,2019/9/6,资产支持证券,贺州公共交通有限公司
152259.SH,G19长交1,2019/9/9,企业债,长兴交通投资集团有限公司
152265.SH,G19广铁3,2019/9/9,企业债,广州地铁集团有限公司
131900018.IB,19越秀集团GN001,2019/9/10,中期票据,广州越秀集团股份有限公司
155680.SH,G19三峡3,2019/9/20,公司债,中国长江三峡集团有限公司
155681.SH,G19三峡4,2019/9/20,公司债,中国长江三峡集团有限公司
131900019.IB,19重庆轨交GN001,2019/9/23,中期票据,重庆市轨道交通(集团)有限公司
1980286.IB,19南京地铁绿色债01,2019/9/24,企业债,南京地铁集团有限公司
081900454.IB,19广州地铁ABN002优先,2019/9/24,资产支持证券,广州地铁集团有限公司
081900455.IB,19广州地铁ABN002次,2019/9/24,资产支持证券,广州地铁集团有限公司
155886.SH,G19京Y1,2019/9/24,公司债,北京市基础设施投资有限公司
155887.SH,G19京Y2,2019/9/24,公司债,北京市基础设施投资有限公司
155702.SH,G19科环,2019/9/25,公司债,国电科技环保集团股份有限公司
152263.SH,G19承控1,2019/9/27,企业债,承德市国控投资集团有限责任公司
1980294.IB,19武汉地铁绿色债01,2019/9/27,企业债,武汉地铁集团有限公司
1980295.IB,19萍昌盛债,2019/9/27,企业债,江西省萍乡市昌盛城市投资有限公司
155684.SH,G19鲁高1,2019/10/8,公司债,山东高速集团有限公司
162125.SH,G19天府1,2019/10/9,公司债,成都天府水城城乡水务建设有限公司
114578.SZ,19盛虹G1,2019/10/11,公司债,江苏东方盛虹股份有限公司
152289.SH,G19萍昌,2019/10/14,企业债,江西省萍乡市昌盛城市投资有限公司
152290.SH,G19武铁1,2019/10/15,企业债,武汉地铁集团有限公司
112978.SZ,19启迪G2,2019/10/15,公司债,启迪环境科技发展股份有限公司
139947.SZ,广铁2优,2019/10/16,资产支持证券,广州地铁集团有限公司
152288.SH,G19宁铁1,2019/10/18,企业债,南京地铁集团有限公司
159981.SH,PRG顺泰B,2019/10/21,资产支持证券,顺泰融资租赁股份有限公司
159982.SH,G顺泰次,2019/10/21,资产支持证券,顺泰融资租赁股份有限公司
131900021.IB,19粤电开GN001,2019/10/23,中期票据,广东省电力开发有限公司
162210.SH,G19株湘1,2019/10/24,公司债,株洲市湘江投资集团有限公司
114588.SZ,19美晨G1,2019/10/29,公司债,山东美晨生态环境股份有限公司
162287.SH,G19永荣,2019/10/31,公司债,福建永荣控股集团有限公司
1980313.IB,19商都绿色债,2019/11/5,企业债,曹县商都投资有限公司
165064.SH,PRG虞优,2019/11/11,资产支持证券,绍兴市上虞区水务集团有限公司
139427.SH,G19商都1,2019/11/15,企业债,曹县商都投资有限公司
162447.SH,G19有轨1,2019/11/15,公司债,苏州高新有轨电车集团有限公司
162409.SH,G19德交1,2019/11/21,公司债,浙江德清交运投资建设有限公司
138077.SZ,集铁路03,2019/11/26,资产支持证券,内蒙古集通铁路(集团)有限责任公司
138078.SZ,集铁路04,2019/11/26,资产支持证券,内蒙古集通铁路(集团)有限责任公司
138079.SZ,集铁路05,2019/11/26,资产支持证券,内蒙古集通铁路(集团)有限责任公司
138080.SZ,集铁路06,2019/11/26,资产支持证券,内蒙古集通铁路(集团)有限责任公司
138081.SZ,集铁路07,2019/11/26,资产支持证券,内蒙古集通铁路(集团)有限责任公司
138082.SZ,集铁路08,2019/11/26,资产支持证券,内蒙古集通铁路(集团)有限责任公司
162560.SH,G19盐交1,2019/11/29,公司债,盐城市交通控股集团有限公司
1980348.IB,19兴蓉绿色债02,2019/12/2,企业债,成都市兴蓉环境股份有限公司
081900589.IB,19中远租赁ABN002优先A1,2019/12/2,资产支持证券,中远海运租赁有限公司
081900590.IB,19中远租赁ABN002优先A2,2019/12/2,资产支持证券,中远海运租赁有限公司
081900591.IB,19中远租赁ABN002次,2019/12/2,资产支持证券,中远海运租赁有限公司
131900023.IB,19中节能GN001,2019/12/2,中期票据,中国节能环保集团有限公司
131900024.IB,19三峡GN003,2019/12/2,中期票据,中国长江三峡集团有限公司
162284.SH,G19XHY,2019/12/5,公司债,新华水力发电有限公司
162602.SH,G19贵水1,2019/12/5,公司债,贵州省水利投资(集团)有限责任公司
162604.SH,G19莱芜1,2019/12/5,公司债,济南民生实业有限公司
111087.SZ,19兴蓉G2,2019/12/9,企业债,成都市兴蓉环境股份有限公司
1980355.IB,19夷陵大保护绿色NPB,2019/12/10,企业债,湖北夷陵经济发展集团有限公司
152340.SH,G19水投2,2019/12/11,企业债,广州市水务投资集团有限公司
1980358.IB,19广水投绿色债02,2019/12/11,企业债,广州市水务投资集团有限公司
163044.SH,G19华综1,2019/12/11,公司债,珠海华发综合发展有限公司
162637.SH,G19衢交1,2019/12/12,公司债,衢州市交通投资集团有限公司
162588.SH,G19滁绿1,2019/12/13,公司债,滁州市同创建设投资有限责任公司
149007.SZ,19北控PG,2019/12/13,公司债,北控清洁能源集团有限公司
131900025.IB,19武汉地铁GN001,2019/12/13,中期票据,武汉地铁集团有限公司
114625.SZ,19寿光G1,2019/12/16,公司债,寿光市惠农新农村建设投资开发有限公司
1980373.IB,19青岛地铁绿色债02,2019/12/17,企业债,青岛地铁集团有限公司
1980379.IB,19黄岩绿色债,2019/12/18,企业债,台州市黄岩国有资本投资运营集团有限公司
131900026.IB,19甘肃电投GN001,2019/12/19,中期票据,甘肃电投能源发展股份有限公司
163949.SH,G19八Y1,2019/12/20,公司债,中国水利水电第八工程局有限公司
131900027.IB,19湖州城投GN003,2019/12/20,中期票据,湖州市城市投资发展集团有限公司
1980375.IB,19广铁绿色债04,2019/12/23,企业债,广州地铁集团有限公司
165017.SH,PR优A,2019/12/23,资产支持证券,青岛国际航运大厦管理有限公司
165018.SH,海发优B,2019/12/23,资产支持证券,青岛国际航运大厦管理有限公司
1980376.IB,19港绿01,2019/12/24,企业债,珠海港控股集团有限公司
1980381.IB,19望城城投绿色债01,2019/12/24,企业债,长沙市望城区城市建设投资集团有限公司
1980382.IB,19望城城投绿色债02,2019/12/24,企业债,长沙市望城区城市建设投资集团有限公司
163070.SH,G19唐环1,2019/12/24,公司债,大唐环境产业集团股份有限公司
152355.SH,G19广铁4,2019/12/25,企业债,广州地铁集团有限公司
139432.SH,G19QGY2,2019/12/27,企业债,青岛地铁集团有限公司
139434.SH,G19珠Y1,2019/12/27,企业债,珠海港控股集团有限公司
152356.SH,G19望城1,2019/12/27,企业债,长沙市望城区城市建设投资集团有限公司
152357.SH,G19望城2,2019/12/27,企业债,长沙市望城区城市建设投资集团有限公司
081900663.IB,19河北新能ABN001,2019/12/30,资产支持证券,国电电力河北新能源开发有限公司
081900668.IB,19宁夏新能ABN001,2019/12/30,资产支持证券,国电电力宁夏新能源开发有限公司
162793.SH,G19日照,2019/12/30,公司债,日照市水务集团有限公司
081900687.IB,19中电投ABN001,2019/12/31,资产支持证券,国家电力投资集团有限公司
1980403.IB,19长交绿色债02,2020/1/7,企业债,长兴交通投资集团有限公司
152377.SH,G19长交2,2020/1/9,企业债,长兴交通投资集团有限公司
165548.SH,G铜交03,2020/1/10,资产支持证券,贵州省铜仁市公共交通有限责任公司
165549.SH,G铜交04,2020/1/10,资产支持证券,贵州省铜仁市公共交通有限责任公司
165550.SH,G铜交05,2020/1/10,资产支持证券,贵州省铜仁市公共交通有限责任公司
2080003.IB,20广铁绿色债01,2020/1/14,企业债,广州地铁集团有限公司
165511.SH,PR仑1A,2020/1/15,资产支持证券,宁波市北仑公共交通有限公司
152384.SH,G20广铁1,2020/1/16,企业债,广州地铁集团有限公司
2080015.IB,20遂宁绿色债,2020/1/17,企业债,遂宁市河东开发建设投资有限公司
162910.SH,G20盛泽1,2020/1/17,公司债,江苏盛泽投资有限公司
165000.SH,G国山优,2020/1/17,资产支持证券,国电电力山西新能源开发有限公司
165636.SH,G国和优,2020/1/17,资产支持证券,国电和风风电开发有限公司
2080018.IB,20长江大保护绿色NPB,2020/1/20,企业债,宜昌市交通投资有限公司
152390.SH,G20遂河1,2020/1/21,企业债,遂宁市河东开发建设投资有限公司
132000001.IB,20苏交通GN001,2020/1/21,中期票据,江苏交通控股有限公司
165501.SH,G冀建投1,2020/1/22,资产支持证券,河北建投新能源有限公司
165502.SH,G冀建投2,2020/1/22,资产支持证券,河北建投新能源有限公司
165523.SH,G国电2优,2020/1/22,资产支持证券,"国家电力投资集团有限公司,吉林电力股份有限公司"
165524.SH,G国电2次,2020/1/22,资产支持证券,"国家电力投资集团有限公司,吉林电力股份有限公司"
ICKB.SG,朗诗地产 10.75% N20221021,2020/1/22,,朗诗绿色地产有限公司
162966.SH,G20贵水1,2020/2/3,公司债,贵州省水利投资(集团)有限责任公司
162936.SH,G20洞庭1,2020/2/7,公司债,湖南洞庭资源控股集团有限公司
162937.SH,G20洞庭2,2020/2/7,公司债,湖南洞庭资源控股集团有限公司
138180.SZ,19石光05,2020/2/14,资产支持证券,石林云电投新能源开发有限公司
138181.SZ,19石光06,2020/2/14,资产支持证券,石林云电投新能源开发有限公司
138182.SZ,19石光07,2020/2/14,资产支持证券,石林云电投新能源开发有限公司
138183.SZ,19石光08,2020/2/14,资产支持证券,石林云电投新能源开发有限公司
138184.SZ,19石光09,2020/2/14,资产支持证券,石林云电投新能源开发有限公司
138185.SZ,19石光10,2020/2/14,资产支持证券,石林云电投新能源开发有限公司
138186.SZ,19石光11,2020/2/14,资产支持证券,石林云电投新能源开发有限公司
138187.SZ,19石光12,2020/2/14,资产支持证券,石林云电投新能源开发有限公司
138188.SZ,19石光13,2020/2/14,资产支持证券,石林云电投新能源开发有限公司
138189.SZ,19石光14,2020/2/14,资产支持证券,石林云电投新能源开发有限公司
138190.SZ,19石光15,2020/2/14,资产支持证券,石林云电投新能源开发有限公司
138191.SZ,19石光16,2020/2/14,资产支持证券,石林云电投新能源开发有限公司
138192.SZ,19石光17,2020/2/14,资产支持证券,石林云电投新能源开发有限公司
138193.SZ,19石光18,2020/2/14,资产支持证券,石林云电投新能源开发有限公司
138194.SZ,19石光19,2020/2/14,资产支持证券,石林云电投新能源开发有限公司
138195.SZ,19石光20,2020/2/14,资产支持证券,石林云电投新能源开发有限公司
138196.SZ,19石光21,2020/2/14,资产支持证券,石林云电投新能源开发有限公司
138197.SZ,19石光22,2020/2/14,资产支持证券,石林云电投新能源开发有限公司
138198.SZ,19石光23,2020/2/14,资产支持证券,石林云电投新能源开发有限公司
138199.SZ,19石光24,2020/2/14,资产支持证券,石林云电投新能源开发有限公司
138200.SZ,19石光25,2020/2/14,资产支持证券,石林云电投新能源开发有限公司
138201.SZ,19石光26,2020/2/14,资产支持证券,石林云电投新能源开发有限公司
138202.SZ,19石光27,2020/2/14,资产支持证券,石林云电投新能源开发有限公司
138203.SZ,19石光28,2020/2/14,资产支持证券,石林云电投新能源开发有限公司
138204.SZ,19石光29,2020/2/14,资产支持证券,石林云电投新能源开发有限公司
138205.SZ,19石光30,2020/2/14,资产支持证券,石林云电投新能源开发有限公司
138421.SZ,G龙源1A,2020/2/17,资产支持证券,龙源电力集团股份有限公司
162430.SH,G20桐庐1,2020/2/19,公司债,桐庐芦茨慢生活体验区旅游开发有限公司
162906.SH,G20长交1,2020/2/24,公司债,长兴交通投资集团有限公司
132000002.IB,20蓉城轨交GN001,2020/2/24,中期票据,成都轨道交通集团有限公司
2080023.IB,20晋江开发绿色债,2020/2/25,企业债,福建省晋江市工业园区开发建设有限公司
132000003.IB,20南京地铁GN001,2020/2/27,中期票据,南京地铁集团有限公司
132000004.IB,20重庆轨交GN001,2020/2/28,中期票据,重庆市轨道交通(集团)有限公司
114669.SZ,20寿光G1,2020/3/2,公司债,寿光市惠农新农村建设投资开发有限公司
152396.SH,G20晋开,2020/3/4,企业债,福建省晋江市工业园区开发建设有限公司
166142.SH,G20株高1,2020/3/4,公司债,株洲高科集团有限公司
RUKB.SG,当代置业 11.95% N20240304,2020/3/5,,当代置业(中国)有限公司
082000086.IB,20华润租赁(疫情防控债)ABN001次,2020/3/6,资产支持证券,华润融资租赁有限公司
132000005.IB,20三峡GN001,2020/3/6,中期票据,中国长江三峡集团有限公司
166168.SH,G20宁经1,2020/3/9,公司债,宁乡经济技术开发区建设投资有限公司
166114.SH,G20衢交1,2020/3/11,公司债,衢州市交通投资集团有限公司
166188.SH,G20新昌1,2020/3/11,公司债,浙江省新昌县投资发展集团有限公司
2080031.IB,20广铁绿色债02,2020/3/12,企业债,广州地铁集团有限公司
132000006.IB,20宁波轨交GN001,2020/3/13,中期票据,宁波市轨道交通集团有限公司
2080039.IB,20武控绿色债,2020/3/16,企业债,武汉三镇实业控股股份有限公司
152401.SH,G20广铁2,2020/3/17,企业债,广州地铁集团有限公司
2080046.IB,20枝江绿色债NPB,2020/3/18,企业债,枝江市国有资产经营中心
149060.SZ,20清新G1,2020/3/19,公司债,北京清新环境技术股份有限公司
152407.SH,G20武控,2020/3/20,企业债,武汉三镇实业控股股份有限公司
166017.SH,G20新津1,2020/3/20,公司债,成都市新津环境投资集团有限公司
132000008.IB,20江苏铁路GN001,2020/3/20,中期票据,江苏省铁路集团有限公司
132000011.IB,20津能源GN001,2020/3/20,中期票据,天津能源投资集团有限公司
149052.SZ,20深铁G2,2020/3/23,公司债,深圳市地铁集团有限公司
132000009.IB,20甘肃电投GN001,2020/3/23,中期票据,甘肃电投能源发展股份有限公司
132000010.IB,20贵州水投GN001,2020/3/23,中期票据,贵州省水利投资(集团)有限责任公司
2080053.IB,20德源绿色债01,2020/3/26,企业债,常德市德源投资集团有限公司
166320.SH,G20吴城1,2020/3/26,公司债,苏州市吴中城市建设投资集团有限公司
132000012.IB,20重庆轨交GN002,2020/3/26,中期票据,重庆市轨道交通(集团)有限公司
2080059.IB,20桐乡绿色债,2020/3/30,企业债,桐乡市振东新区建设投资有限公司
082000127.IB,20新苏环保绿色ABN001优先A2,2020/3/30,资产支持证券,新苏环保产业集团有限公司
082000128.IB,20新苏环保绿色ABN001次,2020/3/30,资产支持证券,新苏环保产业集团有限公司
132000013.IB,20川投能源GN001,2020/3/31,定向工具,四川川投能源股份有限公司
152430.SH,G20桐乡,2020/4/1,企业债,桐乡市振东新区建设投资有限公司
152419.SH,G20德源1,2020/4/2,企业债,常德市德源投资集团有限公司
166464.SH,G20江北1,2020/4/3,公司债,南京江北新区公用控股集团有限公司
2080077.IB,20武汉地铁绿色债01,2020/4/8,企业债,武汉地铁集团有限公司
152439.SH,G20武铁1,2020/4/10,企业债,武汉地铁集团有限公司
168098.SH,G远达03,2020/4/13,资产支持证券,"重庆远达烟气治理特许经营有限公司,江西远达环保有限公司"
168099.SH,G远达04,2020/4/13,资产支持证券,"重庆远达烟气治理特许经营有限公司,江西远达环保有限公司"
163395.SH,G20雅砻1,2020/4/14,公司债,雅砻江流域水电开发有限公司
2080076.IB,20兴发绿色债01,2020/4/15,企业债,宜昌兴发集团有限责任公司
132000015.IB,20金融城建GN002,2020/4/20,中期票据,南京金融城建设发展股份有限公司
152450.SH,G20兴发1,2020/4/21,企业债,宜昌兴发集团有限责任公司
2080071.IB,20永兴绿色债,2020/4/21,企业债,长兴县永兴建设开发有限公司
166563.SH,G20邗江,2020/4/22,公司债,扬州市邗江城市建设发展有限公司
152437.SH,G20永兴,2020/4/23,企业债,长兴县永兴建设开发有限公司
2080096.IB,20南京地铁绿色债01,2020/4/23,企业债,南京地铁集团有限公司
166412.SH,G20永荣,2020/4/24,公司债,福建永荣控股集团有限公司
166546.SH,G20莱芜1,2020/4/24,公司债,济南民生实业有限公司
168074.SH,G光谷优5,2020/4/24,资产支持证券,武汉光谷环保科技股份有限公司
168075.SH,G光谷优6,2020/4/24,资产支持证券,武汉光谷环保科技股份有限公司
168076.SH,G光谷优7,2020/4/24,资产支持证券,武汉光谷环保科技股份有限公司
168077.SH,G光谷优8,2020/4/24,资产支持证券,武汉光谷环保科技股份有限公司
168078.SH,G光谷优9,2020/4/24,资产支持证券,武汉光谷环保科技股份有限公司
168079.SH,G光优10,2020/4/24,资产支持证券,武汉光谷环保科技股份有限公司
132000017.IB,20沈阳地铁GN001,2020/4/26,中期票据,沈阳地铁集团有限公司
149087.SZ,20荣盛G1,2020/4/27,公司债,荣盛石化股份有限公司
163431.SH,G20FXY1,2020/4/27,公司债,福建华电福瑞能源发展有限公司
2080074.IB,20奉化绿色债,2020/4/28,企业债,宁波市奉化区投资集团有限公司
2080106.IB,20淮南城投绿色债,2020/4/28,企业债,淮南市城市建设投资有限责任公司
152458.SH,G20宁铁1,2020/4/29,企业债,南京地铁集团有限公司
152464.SH,G20淮南,2020/4/30,企业债,淮南市城市建设投资有限责任公司
2080110.IB,20常州滨江绿色债,2020/4/30,企业债,常州滨江投资发展集团有限公司
132000018.IB,20粤电开GN001,2020/5/6,中期票据,广东省电力开发有限公司
152435.SH,G20奉化,2020/5/7,企业债,宁波市奉化区投资集团有限公司
114732.SZ,20鑫鸿G1,2020/5/8,公司债,泰州东部新城发展集团有限公司
149115.SZ,20北控PG,2020/5/8,公司债,北控清洁能源集团有限公司
2080115.IB,20榆神绿色债,2020/5/9,企业债,陕西榆神能源开发建设集团有限公司
114727.SZ,20四水G1,2020/5/11,公司债,武汉车都四水共治项目管理有限公司
163422.SH,G20八Y1,2020/5/11,公司债,中国水利水电第八工程局有限公司
152470.SH,G20滨江,2020/5/12,企业债,常州滨江投资发展集团有限公司
166583.SH,G20德交1,2020/5/12,公司债,浙江德清交运投资建设有限公司
166777.SH,G20江北2,2020/5/12,公司债,南京江北新区公用控股集团有限公司
166640.SH,G20台高1,2020/5/13,公司债,浙江台州高速公路集团股份有限公司
163478.SH,G20三峡1,2020/5/13,公司债,中国长江三峡集团有限公司
163479.SH,G20三峡2,2020/5/13,公司债,中国长江三峡集团有限公司
168400.SH,PRG顺2A,2020/5/19,资产支持证券,顺泰融资租赁股份有限公司
168401.SH,G顺泰2B,2020/5/19,资产支持证券,顺泰融资租赁股份有限公司
168402.SH,G顺泰2C,2020/5/19,资产支持证券,顺泰融资租赁股份有限公司
132000019.IB,20京能洁能GN001,2020/5/20,中期票据,北京京能清洁能源电力股份有限公司
138656.SZ,20中海1A,2020/5/20,资产支持证券,北京中海广场商业发展有限公司
152468.SH,G20榆神1,2020/5/29,企业债,陕西榆神能源开发建设集团有限公司
2080143.IB,20广铁绿色债03,2020/5/29,企业债,广州地铁集团有限公司
132000021.IB,20雅砻江GN001,2020/5/29,中期票据,雅砻江流域水电开发有限公司
152489.SH,G20广铁3,2020/6/3,企业债,广州地铁集团有限公司
163559.SH,G20FXY3,2020/6/4,公司债,福建华电福瑞能源发展有限公司
082000314.IB,20中再资环绿色ABN001优先,2020/6/5,资产支持证券,中再资源环境股份有限公司
082000315.IB,20中再资环绿色ABN001次,2020/6/5,资产支持证券,中再资源环境股份有限公司
166910.SH,G20生态,2020/6/9,公司债,重庆市长寿生态旅业开发集团有限公司
132000022.IB,20宁波轨交GN002,2020/6/19,中期票据,宁波市轨道交通集团有限公司
2080140.IB,20公安城投绿色债,2020/6/22,企业债,公安县城建投资有限公司
167008.SH,G20新津2,2020/6/23,公司债,成都市新津环境投资集团有限公司
2080155.IB,20遂宁绿色债02,2020/6/24,企业债,遂宁市河东开发建设投资有限公司
152496.SH,G20遂东2,2020/7/1,企业债,遂宁市河东开发建设投资有限公司
163668.SH,G20柳控1,2020/7/2,公司债,广西柳州市投资控股集团有限公司
132000024.IB,20安吉交投GN001,2020/7/6,定向工具,安吉县交通投资发展集团有限公司
167131.SH,G20仙山,2020/7/6,公司债,长兴仙山湖旅游投资开发有限公司
152485.SH,G20公安1,2020/7/10,企业债,公安县城建投资有限公司
2080159.IB,20寿光惠农债,2020/7/10,企业债,寿光市惠农新农村建设投资开发有限公司
X6MB.SG,当代置业 11.5% N20221113,2020/7/14,,当代置业(中国)有限公司
167187.SH,G20惠建1,2020/7/15,公司债,无锡惠山开发建设有限公司
40316.HK,旭辉控股集团 5.95% N20251020,2020/7/21,,旭辉控股(集团)有限公司
167140.SH,G20安吉1,2020/7/27,公司债,安吉县城西北开发有限公司
2080189.IB,20饶城投绿债,2020/7/31,企业债,上饶市城市建设投资开发集团有限公司
132000025.IB,20河南发电GN001,2020/8/4,中期票据,大唐河南发电有限公司
40316X.HK,旭辉控股集团 5.95% N20251020(重开),2020/8/6,,旭辉控股(集团)有限公司
149187.SZ,20穗环G1,2020/8/10,公司债,广州环保投资集团有限公司
152499.SH,G20寿光,2020/8/11,企业债,寿光市惠农新农村建设投资开发有限公司
167361.SH,G20德交2,2020/8/11,公司债,浙江德清交运投资建设有限公司
168672.SH,PRG新2优,2020/8/11,资产支持证券,华电福新能源有限公司
168673.SH,G福新2次,2020/8/11,资产支持证券,华电福新能源有限公司
40343.HK,禹洲集团 7.85% N20260812,2020/8/13,,禹洲集团控股有限公司
2080202.IB,20云水务绿色债01,2020/8/17,企业债,云南水务投资股份有限公司
2080195.IB,20广水投绿色债01,2020/8/18,企业债,广州市水务投资集团有限公司
138955.SZ,20广交02,2020/8/19,资产支持证券,广州市公共交通集团有限公司
138956.SZ,20广交03,2020/8/19,资产支持证券,广州市公共交通集团有限公司
138957.SZ,20广交04,2020/8/19,资产支持证券,广州市公共交通集团有限公司
138958.SZ,20广交05,2020/8/19,资产支持证券,广州市公共交通集团有限公司
152527.SH,G20水投1,2020/8/20,企业债,广州市水务投资集团有限公司
2080209.IB,20广业绿色债01,2020/8/21,企业债,广东省环保集团有限公司
152535.SH,G20云绿1,2020/8/24,企业债,云南水务投资股份有限公司
132000026.IB,20蓉城轨交GN002,2020/8/24,中期票据,成都轨道交通集团有限公司
152543.SH,G20广业1,2020/8/26,企业债,广东省环保集团有限公司
2080205.IB,20常鼎绿色债01,2020/8/26,企业债,常德市鼎城江南新城建设投资开发有限公司
082000586.IB,20华润租赁ABN001优先A3,2020/8/27,资产支持证券,华润融资租赁有限公司
082000587.IB,20华润租赁ABN001次,2020/8/27,资产支持证券,华润融资租赁有限公司
132000027.IB,20陕煤化GN001,2020/8/27,中期票据,陕西煤业化工集团有限责任公司
152536.SH,G20常鼎1,2020/8/28,企业债,常德市鼎城江南新城建设投资开发有限公司
2080220.IB,20饶城投绿债02,2020/8/28,企业债,上饶市城市建设投资开发集团有限公司
2080221.IB,20长交绿色债01,2020/8/28,企业债,长兴交通投资集团有限公司
132000028.IB,20四川机场GN001,2020/8/31,中期票据,四川省机场集团有限公司
152548.SH,G20交通1,2020/9/2,企业债,长兴交通投资集团有限公司
2080245.IB,20武铁绿色可续期债01,2020/9/3,企业债,武汉地铁集团有限公司
114809.SZ,20鼎通G1,2020/9/3,公司债,南通鼎通交通工程有限公司
2080151.IB,20德源绿色债02,2020/9/4,企业债,常德市德源投资集团有限公司
167489.SH,G20潼南1,2020/9/4,公司债,重庆市潼南区城市建设投资(集团)有限公司
167505.SH,G20日照,2020/9/4,公司债,日照市水务集团有限公司
175064.SH,G龙源Y1,2020/9/4,公司债,龙源电力集团股份有限公司
139453.SH,G20武Y1,2020/9/7,企业债,武汉地铁集团有限公司
167485.SH,G20建城1,2020/9/7,公司债,建德市城市建设发展投资有限公司
167533.SH,G20生态2,2020/9/7,公司债,重庆市长寿生态旅业开发集团有限公司
152558.SH,G20德源2,2020/9/8,企业债,常德市德源投资集团有限公司
114816.SZ,20仁寿G1,2020/9/8,公司债,仁寿发展投资集团有限公司
167521.SH,G20苏科1,2020/9/8,公司债,江苏中关村科技产业园控股集团有限公司
RUKBX.SG,当代置业 11.95% N20240304(重开),2020/9/8,,当代置业(中国)有限公司
X6MBX.SG,当代置业 11.5% N20221113(重开),2020/9/8,,当代置业(中国)有限公司
2080216.IB,20建湖绿色债,2020/9/9,企业债,建湖县城市建设投资集团有限公司
167283.SH,G20宁经2,2020/9/9,公司债,宁乡经济技术开发区建设投资有限公司
149220.SZ,20荣盛G2,2020/9/10,公司债,荣盛石化股份有限公司
175114.SH,G20雅砻2,2020/9/15,公司债,雅砻江流域水电开发有限公司
2080246.IB,20宜春创投绿色债,2020/9/16,企业债,宜春市创业投资有限公司
167619.SH,G20虞交1,2020/9/17,公司债,绍兴市上虞区交通集团有限公司
132000029.IB,20沈阳地铁GN002,2020/9/18,中期票据,沈阳地铁集团有限公司
40383.HK,新奥能源 2.625% N20300917,2020/9/18,,新奥能源控股有限公司
2080270.IB,20广州公交绿色债,2020/9/23,企业债,广州市公共交通集团有限公司
167669.SH,G20有轨1,2020/9/23,公司债,苏州高新有轨电车集团有限公司
2080273.IB,20资兴绿色债,2020/9/24,企业债,资兴市成诚投资有限公司
152588.SH,G20资兴1,2020/9/25,企业债,资兴市成诚投资有限公司
166483.SH,G20建湖1,2020/9/25,公司债,建湖县城市建设投资集团有限公司
175173.SH,G20洪轨1,2020/9/25,公司债,南昌轨道交通集团有限公司
139452.SH,G20公交1,2020/9/28,企业债,广州市公共交通集团有限公司
2080282.IB,20黔水绿色债01,2020/9/28,企业债,黔西南州水资源开发投资有限公司
167705.SH,G20新天1,2020/9/30,公司债,如东县新天地投资发展有限公司
2080288.IB,20大冶高新绿色债,2020/10/9,企业债,湖北大冶湖高新技术产业投资有限公司
167707.SH,G20贵开1,2020/10/12,公司债,贵安新区开发投资有限公司
152596.SH,G20冶高,2020/10/15,企业债,湖北大冶湖高新技术产业投资有限公司
149249.SZ,20深铁G4,2020/10/15,公司债,深圳市地铁集团有限公司
2080269.IB,20南京地铁绿色债02,2020/10/19,企业债,南京地铁集团有限公司
132000031.IB,20武汉地铁GN001,2020/10/19,中期票据,武汉地铁集团有限公司
152593.SH,G20黔水1,2020/10/21,企业债,黔西南州水资源开发投资有限公司
167792.SH,G20阿地1,2020/10/22,公司债,阿克苏地区绿色实业开发有限公司
175239.SH,G20柳控2,2020/10/23,公司债,广西柳州市投资控股集团有限公司
132000033.IB,20陕西环保GN001,2020/10/27,中期票据,陕西环保产业集团有限责任公司
132000034.IB,20核风电GN001,2020/10/27,中期票据,中广核风电有限公司
152597.SH,G20宁铁2,2020/10/28,企业债,南京地铁集团有限公司
175271.SH,G20深高1,2020/10/29,公司债,深圳高速公路集团股份有限公司
2080332.IB,20吉安绿色债,2020/11/3,企业债,吉安市城市建设投资开发有限公司
175312.SH,G龙源Y4,2020/11/3,公司债,龙源电力集团股份有限公司
167947.SH,G20建湖2,2020/11/4,公司债,建湖县城市建设投资集团有限公司
167954.SH,G20嵊交1,2020/11/5,公司债,嵊州市交通投资发展集团有限公司
132000035.IB,20青岛水务GN001(蓝债),2020/11/5,中期票据,青岛水务集团有限公司
168774.SH,G西高热2,2020/11/9,资产支持证券,西安高新区热力有限公司
168775.SH,G西高热3,2020/11/9,资产支持证券,西安高新区热力有限公司
168777.SH,G西高热5,2020/11/9,资产支持证券,西安高新区热力有限公司
168778.SH,G西高热6,2020/11/9,资产支持证券,西安高新区热力有限公司
168779.SH,G西高热7,2020/11/9,资产支持证券,西安高新区热力有限公司
168780.SH,G西高热8,2020/11/9,资产支持证券,西安高新区热力有限公司
168781.SH,G西高热9,2020/11/9,资产支持证券,西安高新区热力有限公司
168782.SH,G高热次,2020/11/9,资产支持证券,西安高新区热力有限公司
168786.SH,G西高热4,2020/11/9,资产支持证券,西安高新区热力有限公司
152626.SH,G20吉安1,2020/11/10,企业债,吉安市城市建设投资开发有限公司
167981.SH,G20桐庐2,2020/11/10,公司债,桐庐芦茨慢生活体验区旅游开发有限公司
169504.SH,PR0电建A,2020/11/13,资产支持证券,中国电力建设股份有限公司
169505.SH,G20电建C,2020/11/13,资产支持证券,中国电力建设股份有限公司
169621.SH,PR源优3,2020/11/13,资产支持证券,金源华兴融资租赁有限公司
169622.SH,G金源次,2020/11/13,资产支持证券,金源华兴融资租赁有限公司
2080348.IB,20内建绿01,2020/11/16,企业债,内江建工集团有限责任公司
2080349.IB,20内建绿02,2020/11/16,企业债,内江建工集团有限责任公司
177074.SH,G20建湖3,2020/11/16,公司债,建湖县城市建设投资集团有限公司
082000933.IB,20国电绿色ABN001,2020/11/17,资产支持证券,国电电力发展股份有限公司
149289.SZ,20川机G1,2020/11/18,公司债,四川省机场集团有限公司
2080352.IB,20常鼎绿色债02,2020/11/19,企业债,常德市鼎城江南新城建设投资开发有限公司
2080368.IB,20南昌轨交绿色债,2020/11/20,企业债,南昌轨道交通集团有限公司
082000946.IB,20国电绿色ABN002,2020/11/20,资产支持证券,国电电力发展股份有限公司
152648.SH,G20内建1,2020/11/23,企业债,内江建工集团有限责任公司
152649.SH,G20内建2,2020/11/23,企业债,内江建工集团有限责任公司
152644.SH,G20常鼎2,2020/11/24,企业债,常德市鼎城江南新城建设投资开发有限公司
132000036.IB,20佛燃能源GN001,2020/11/24,中期票据,佛燃能源集团股份有限公司
175418.SH,G20水利1,2020/11/26,公司债,贵州省水利投资(集团)有限责任公司
152659.SH,G20洪轨2,2020/11/27,企业债,南昌轨道交通集团有限公司
177218.SH,G20兴市1,2020/11/30,公司债,都江堰兴市集团有限责任公司
177277.SH,G20桂城1,2020/12/3,公司债,桂林新城投资开发集团有限公司
177182.SH,G20安吉2,2020/12/4,公司债,安吉县城西北开发有限公司
132000037.IB,20重庆旅投GN001,2020/12/7,定向工具,重庆旅游投资集团有限公司
177297.SH,20环资债,2020/12/7,公司债,成都天府水城环境资产管理有限公司
2080394.IB,20国通绿债,2020/12/14,企业债,宜都市国通投资开发有限责任公司
175503.SH,G20杭水1,2020/12/15,公司债,杭州市水务集团有限公司
152679.SH,G20国通,2020/12/17,企业债,宜都市国通投资开发有限责任公司
177390.SH,G20盐交1,2020/12/18,公司债,盐城市交通控股集团有限公司
2080402.IB,20金牛环绿债01,2020/12/21,企业债,成都市金牛环境投资发展集团有限公司
177387.SH,G20扬易,2020/12/21,公司债,扬州易盛德产业发展有限公司
177379.SH,G20苏铁1,2020/12/22,公司债,苏州高铁新城经济发展有限公司
152685.SH,G20环投,2020/12/24,企业债,成都市金牛环境投资发展集团有限公司
177428.SH,G20新交1,2020/12/24,公司债,新沂市交通投资有限公司
149263.SZ,20东林G1,2020/12/29,公司债,北京东方园林环境股份有限公司
2080424.IB,20黔水绿色债02,2020/12/30,企业债,黔西南州水资源开发投资有限公司
152701.SH,G20黔水2,2021/1/6,企业债,黔西南州水资源开发投资有限公司
40525.HK,当代置业 9.8% N20230411,2021/1/12,,当代置业(中国)有限公司
40517.HK,禹洲集团 6.35% N20270113,2021/1/14,,禹洲集团控股有限公司
YUFB.SG,建业地产 7.5% N20250714,2021/1/15,,建业地产股份有限公司
132100002.IB,21贵州水投GN001,2021/1/26,中期票据,贵州省水利投资(集团)有限责任公司
132100001.IB,21嘉兴滨海GN001,2021/1/28,中期票据,嘉兴滨海控股集团有限公司
132100003.IB,21鲁能新能GN001,2021/1/28,中期票据,鲁能新能源(集团)有限公司
2180029.IB,21济轨绿债,2021/2/2,企业债,济南轨道交通集团有限公司
40525X.HK,当代置业 9.8% N20230411(重开),2021/2/2,,当代置业(中国)有限公司
132100005.IB,21苏国信GN001,2021/2/3,中期票据,江苏省国信集团有限公司
177816.SH,G21定城1,2021/2/4,公司债,舟山市定海区城乡建设集团有限公司
177834.SH,G21红腾1,2021/2/5,公司债,贵州省盘州市红腾开发投资有限公司
177773.SH,G21惠投1,2021/2/8,公司债,南通市通州区惠通投资有限责任公司
132100007.IB,21交子金融GN001,2021/2/9,中期票据,成都交子金融控股集团有限公司
2180003.IB,21临川绿色债,2021/2/10,企业债,抚州市临川区城镇建设开发投资有限公司
132100009.IB,21中电投GN001,2021/2/10,中期票据,国家电力投资集团有限公司
132100010.IB,21四川机场GN001,2021/2/10,中期票据,四川省机场集团有限公司
132100011.IB,21南电GN001,2021/2/10,中期票据,中国南方电网有限责任公司
132100012.IB,21华能GN001,2021/2/10,中期票据,华能国际电力股份有限公司
132100013.IB,21雅砻江GN001,2021/2/10,中期票据,雅砻江流域水电开发有限公司
132100014.IB,21三峡GN001,2021/2/10,中期票据,中国长江三峡集团有限公司
114925.SZ,21达发01,2021/2/19,公司债,达州发展(控股)有限责任公司
114934.SZ,21奉农G1,2021/2/22,公司债,宁波市奉化区农商发展集团有限公司
177891.SH,21婺城01,2021/2/22,公司债,金华市婺城区城乡建设投资集团有限公司
179273.SH,G兰交优2,2021/2/23,资产支持证券,兰州城乡公交运营管理有限公司
179274.SH,G兰交优3,2021/2/23,资产支持证券,兰州城乡公交运营管理有限公司
179275.SH,G兰交优4,2021/2/23,资产支持证券,兰州城乡公交运营管理有限公司
179276.SH,G兰交优5,2021/2/23,资产支持证券,兰州城乡公交运营管理有限公司
179277.SH,G兰交次,2021/2/23,资产支持证券,兰州城乡公交运营管理有限公司
177769.SH,G21苏科1,2021/3/4,公司债,江苏中关村科技产业园控股集团有限公司
175782.SH,GC电投01,2021/3/4,公司债,国家电力投资集团有限公司
175787.SH,GC华能01,2021/3/4,公司债,中国华能集团有限公司
175789.SH,GC国能01,2021/3/4,公司债,国家能源投资集团有限责任公司
169226.SH,PR0能投A,2021/3/4,资产支持证券,中能建投(天津)新能源产业投资基金合伙企业(有限合伙)
169227.SH,G20能投B,2021/3/4,资产支持证券,中能建投(天津)新能源产业投资基金合伙企业(有限合伙)
179499.SH,PR金华A2,2021/3/4,资产支持证券,金华市公交集团有限公司
179500.SH,GJ金华A3,2021/3/4,资产支持证券,金华市公交集团有限公司
179501.SH,GJ金华A4,2021/3/4,资产支持证券,金华市公交集团有限公司
179502.SH,GJ金华A5,2021/3/4,资产支持证券,金华市公交集团有限公司
179503.SH,GJ金华A6,2021/3/4,资产支持证券,金华市公交集团有限公司
179504.SH,GJ金华A7,2021/3/4,资产支持证券,金华市公交集团有限公司
179505.SH,GJ金华次,2021/3/4,资产支持证券,金华市公交集团有限公司
149384.SZ,21深铁G1,2021/3/8,公司债,深圳市地铁集团有限公司
175791.SH,GC京投01,2021/3/8,公司债,北京市基础设施投资有限公司
175797.SH,GC三峡01,2021/3/9,公司债,中国长江三峡集团有限公司
152720.SH,G21临川,2021/3/10,企业债,抚州市临川区城镇建设开发投资有限公司
2180066.IB,21武铁绿色可续期债01,2021/3/10,企业债,武汉地铁集团有限公司
132100015.IB,21重庆轨交GN001,2021/3/10,中期票据,重庆市轨道交通(集团)有限公司
082100165.IB,21国网租赁ABN001次,2021/3/11,资产支持证券,国网国际融资租赁有限公司
175801.SH,GC华电01,2021/3/11,公司债,中国华电集团有限公司
175807.SH,GC华电02,2021/3/11,公司债,中国华电集团有限公司
139466.SH,G21武Y1,2021/3/12,企业债,武汉地铁集团有限公司
132100016.IB,21苏高新GN001,2021/3/12,中期票据,苏州苏高新集团有限公司
149400.SZ,21广能G1,2021/3/15,公司债,广西广投能源集团有限公司
177942.SH,G21鑫海1,2021/3/16,公司债,荣成市鑫海投资有限公司
175805.SH,G21新Y1,2021/3/16,公司债,新天绿色能源股份有限公司
132100017.IB,21重庆轨交GN002,2021/3/16,中期票据,重庆市轨道交通(集团)有限公司
149399.SZ,21珠华G1,2021/3/17,公司债,珠海华发集团有限公司
132100018.IB,21武汉碧水GN001,2021/3/23,中期票据,武汉碧水集团有限公司
2180057.IB,21景城投绿色债01,2021/3/24,企业债,景德镇市城市建设投资集团有限责任公司
178087.SH,G21汇兴1,2021/3/24,公司债,泸州汇兴投资集团有限公司
178107.SH,G21宁经1,2021/3/24,公司债,宁乡经济技术开发区建设投资有限公司
082100225.IB,21广州公交ABN001优先,2021/3/25,资产支持证券,广州市公共交通集团有限公司
082100226.IB,21广州公交ABN001次,2021/3/25,资产支持证券,广州市公共交通集团有限公司
132100019.IB,21电网GN001,2021/3/25,中期票据,国家电网有限公司
132100020.IB,21国电GN001,2021/3/26,中期票据,国电电力发展股份有限公司
152795.SH,G21景城1,2021/3/29,企业债,景德镇市城市建设投资集团有限责任公司
2180081.IB,21新庐陵绿色债,2021/3/29,企业债,吉安市新庐陵投资发展有限公司
082100218.IB,21南京公交ABN001优先02,2021/3/29,资产支持证券,南京公共交通(集团)有限公司
082100219.IB,21南京公交ABN001优先03,2021/3/29,资产支持证券,南京公共交通(集团)有限公司
082100220.IB,21南京公交ABN001次,2021/3/29,资产支持证券,南京公共交通(集团)有限公司
082100221.IB,21徐州公交ABN001优先,2021/3/29,资产支持证券,徐州市公共交通集团有限公司
082100222.IB,21徐州公交ABN001次,2021/3/29,资产支持证券,徐州市公共交通集团有限公司
132100021.IB,21电网GN002,2021/3/29,中期票据,国家电网有限公司
178206.SH,G21临沂1,2021/3/30,公司债,临沂投资发展集团有限公司
178136.SH,G21绍滨1,2021/3/31,公司债,绍兴滨海新区发展集团有限公司
132100025.IB,21电网GN003,2021/3/31,中期票据,国家电网有限公司
132100026.IB,21福新能源GN001,2021/3/31,中期票据,福建华电福瑞能源发展有限公司
082100238.IB,21三峡新能ABN001,2021/4/1,资产支持证券,中国三峡新能源(集团)股份有限公司
178185.SH,G21嵊交1,2021/4/1,公司债,嵊州市交通投资发展集团有限公司
132100027.IB,21华能集GN001,2021/4/1,中期票据,中国华能集团有限公司
152785.SH,G21新庐1,2021/4/2,企业债,吉安市新庐陵投资发展有限公司
2180089.IB,21常鼎绿色债01,2021/4/2,企业债,常德市鼎城江南新城建设投资开发有限公司
2180095.IB,21金牛环绿债01,2021/4/2,企业债,成都市金牛环境投资发展集团有限公司
152794.SH,G21常鼎1,2021/4/6,企业债,常德市鼎城江南新城建设投资开发有限公司
082100251.IB,21宜春国投ABN001优先01,2021/4/6,资产支持证券,宜春市国有资本投资运营集团有限公司
082100252.IB,21宜春国投ABN001优先02,2021/4/6,资产支持证券,宜春市国有资本投资运营集团有限公司
082100253.IB,21宜春国投ABN001优先03,2021/4/6,资产支持证券,宜春市国有资本投资运营集团有限公司
082100254.IB,21宜春国投ABN001次,2021/4/6,资产支持证券,宜春市国有资本投资运营集团有限公司
175793.SH,GC钢联01,2021/4/7,公司债,内蒙古包钢钢联股份有限公司
132100029.IB,21中石集GN001,2021/4/7,中期票据,中国石油化工集团有限公司
152799.SH,G21环投,2021/4/8,企业债,成都市金牛环境投资发展集团有限公司
178062.SH,G21建湖1,2021/4/8,公司债,建湖县城市建设投资集团有限公司
132100028.IB,21沈阳地铁GN001,2021/4/9,中期票据,沈阳地铁集团有限公司
175935.SH,GC机场01,2021/4/12,公司债,首都机场集团有限公司
102100673.IB,21知识城MTN001(碳中和债),2021/4/13,中期票据,知识城(广州)投资集团有限公司
132100032.IB,21华发集团GN001(碳中和债),2021/4/13,中期票据,珠海华发集团有限公司
2180109.IB,21南京地铁绿色债01,2021/4/15,企业债,南京地铁集团有限公司
132100034.IB,21雅砻江GN002(碳中和债),2021/4/15,中期票据,雅砻江流域水电开发有限公司
149447.SZ,21川机G1,2021/4/16,公司债,四川省机场集团有限公司
175951.SH,GC雅砻01,2021/4/16,公司债,雅砻江流域水电开发有限公司
152811.SH,G21宁铁1,2021/4/19,企业债,南京地铁集团有限公司
2180114.IB,21上虞绿色债01,2021/4/19,企业债,绍兴市上虞区国有资本投资运营有限公司
132100035.IB,21华能GN002(碳中和债),2021/4/19,中期票据,华能国际电力股份有限公司
132100036.IB,21金融城建GN001(碳中和债),2021/4/19,中期票据,南京金融城建设发展股份有限公司
132100037.IB,21巨石GN001,2021/4/20,中期票据,中国巨石股份有限公司
178399.SH,G21万盛1,2021/4/21,公司债,重庆市万盛经济技术开发区开发投资集团有限公司
152812.SH,G21虞资1,2021/4/22,企业债,绍兴市上虞区国有资本投资运营有限公司
114976.SZ,21江科GK,2021/4/22,公司债,南京江北新区科技投资集团有限公司
2180136.IB,21港绿01,2021/4/23,企业债,珠海港控股集团有限公司
132100038.IB,21江铜GN001(碳中和债),2021/4/23,中期票据,江西铜业集团有限公司
132100039.IB,21嘉兴滨海GN002(乡村振兴),2021/4/25,中期票据,嘉兴滨海控股集团有限公司
132100040.IB,21南京地铁GN001(碳中和债),2021/4/27,中期票据,南京地铁集团有限公司
2180134.IB,21广东能源债01,2021/4/28,企业债,广东省能源集团有限公司
175979.SH,G21深高1,2021/4/28,公司债,深圳高速公路集团股份有限公司
132100044.IB,21川能投GN001(权益出资),2021/4/28,中期票据,四川省能源投资集团有限责任公司
132100045.IB,21紫金矿业GN001(碳中和债),2021/4/28,中期票据,紫金矿业集团股份有限公司
139469.SH,G21港Y1,2021/4/30,企业债,珠海港控股集团有限公司
149466.SZ,21顺丰G1,2021/4/30,公司债,深圳顺丰泰森控股(集团)有限公司
2180172.IB,21武汉地铁绿色债01,2021/5/6,企业债,武汉地铁集团有限公司
102100929.IB,21苏科技城MTN001(绿色),2021/5/6,中期票据,苏州科技城发展集团有限公司
2180195.IB,21武汉地铁绿色债02,2021/5/7,企业债,武汉地铁集团有限公司
132100049.IB,21中节能GN001,2021/5/7,中期票据,中国节能环保集团有限公司
178483.SH,G21扬易,2021/5/10,公司债,扬州易盛德产业发展有限公司
152858.SH,G21武铁1,2021/5/11,企业债,武汉地铁集团有限公司
132100050.IB,21国电GN002(可持续挂钩),2021/5/11,中期票据,国电电力发展股份有限公司
114987.SZ,21会展01,2021/5/12,公司债,南京南部新城会展中心发展有限公司
178512.SH,GC绍轨01,2021/5/12,公司债,绍兴市轨道交通集团有限公司
178589.SH,G21万盛3,2021/5/12,公司债,重庆市万盛经济技术开发区开发投资集团有限公司
102100964.IB,21三峡新能MTN002(碳中和债),2021/5/12,中期票据,中国三峡新能源(集团)股份有限公司
132100052.IB,21重庆轨交GN003(碳中和债),2021/5/12,中期票据,重庆市轨道交通(集团)有限公司
152877.SH,G21武铁2,2021/5/13,企业债,武汉地铁集团有限公司
188085.SH,GC国铁01,2021/5/13,公司债,中国铁路投资有限公司
132100051.IB,21福新能源GN002(可持续挂钩),2021/5/14,中期票据,福建华电福瑞能源发展有限公司
137890.SZ,G龙源2A,2021/5/14,资产支持证券,龙源电力集团股份有限公司
188094.SH,GC福电01,2021/5/17,公司债,福建福清核电有限公司
40683.HK,合景泰富集团 6% N20260814,2021/5/17,,合景泰富集团控股有限公司
111103.SZ,21粤能01,2021/5/18,企业债,广东省能源集团有限公司
40681.HK,旭辉控股集团 4.45% N20260817,2021/5/18,,旭辉控股(集团)有限公司
40682.HK,旭辉控股集团 4.8% N20280517,2021/5/18,,旭辉控股(集团)有限公司
178616.SH,GC太旅01,2021/5/21,公司债,苏州市吴中文化旅游发展集团有限公司
189163.SH,G建投02,2021/5/21,资产支持证券,南京江北新区建设投资集团有限公司
189164.SH,G建投03,2021/5/21,资产支持证券,南京江北新区建设投资集团有限公司
189165.SH,G建投04,2021/5/21,资产支持证券,南京江北新区建设投资集团有限公司
189166.SH,G建投05,2021/5/21,资产支持证券,南京江北新区建设投资集团有限公司
189167.SH,G建投06,2021/5/21,资产支持证券,南京江北新区建设投资集团有限公司
189168.SH,G建投07,2021/5/21,资产支持证券,南京江北新区建设投资集团有限公司
189169.SH,G建投08,2021/5/21,资产支持证券,南京江北新区建设投资集团有限公司
189170.SH,G建投09,2021/5/21,资产支持证券,南京江北新区建设投资集团有限公司
189171.SH,G建投10,2021/5/21,资产支持证券,南京江北新区建设投资集团有限公司
189172.SH,G建投11,2021/5/21,资产支持证券,南京江北新区建设投资集团有限公司
189173.SH,G建投12,2021/5/21,资产支持证券,南京江北新区建设投资集团有限公司
189174.SH,G建投13,2021/5/21,资产支持证券,南京江北新区建设投资集团有限公司
189175.SH,G建投14,2021/5/21,资产支持证券,南京江北新区建设投资集团有限公司
189176.SH,G建投15,2021/5/21,资产支持证券,南京江北新区建设投资集团有限公司
189177.SH,G建投次,2021/5/21,资产支持证券,南京江北新区建设投资集团有限公司
189265.SH,G杭钢S02,2021/5/21,资产支持证券,温州杭钢水务有限公司
189266.SH,G杭钢S03,2021/5/21,资产支持证券,温州杭钢水务有限公司
189267.SH,G杭钢S04,2021/5/21,资产支持证券,温州杭钢水务有限公司
189268.SH,G杭钢S05,2021/5/21,资产支持证券,温州杭钢水务有限公司
189269.SH,G杭钢S06,2021/5/21,资产支持证券,温州杭钢水务有限公司
189270.SH,G杭钢S07,2021/5/21,资产支持证券,温州杭钢水务有限公司
189271.SH,G杭钢S08,2021/5/21,资产支持证券,温州杭钢水务有限公司
189272.SH,G杭钢S09,2021/5/21,资产支持证券,温州杭钢水务有限公司
189273.SH,G杭钢S10,2021/5/21,资产支持证券,温州杭钢水务有限公司
189274.SH,G杭钢S11,2021/5/21,资产支持证券,温州杭钢水务有限公司
189275.SH,G杭钢S12,2021/5/21,资产支持证券,温州杭钢水务有限公司
189276.SH,G杭钢S次,2021/5/21,资产支持证券,温州杭钢水务有限公司
40680.HK,中梁控股 8.5% N20220519,2021/5/21,,中梁控股集团有限公司
40690.HK,弘阳地产 7.3% N20240521,2021/5/24,,弘阳地产集团有限公司
032100576.IB,21德清建发PPN001(绿色),2021/5/25,定向工具,德清县建设发展集团有限公司
132100056.IB,21中广核GN001(碳中和债),2021/5/26,中期票据,中国广核集团有限公司
189128.SH,GC金风1A,2021/5/26,资产支持证券,新疆金风科技股份有限公司
189129.SH,GC金风1C,2021/5/26,资产支持证券,新疆金风科技股份有限公司
189251.SH,PRGC顺3A,2021/5/26,资产支持证券,顺泰融资租赁股份有限公司
189252.SH,GC顺泰3C,2021/5/26,资产支持证券,顺泰融资租赁股份有限公司
132100046.IB,21金融城建GN002(碳中和债),2021/5/27,中期票据,南京金融城建设发展股份有限公司
188126.SH,G21张江1,2021/5/31,公司债,上海张江高科技园区开发股份有限公司
132100057.IB,21重庆轨交GN004(碳中和债),2021/6/1,中期票据,重庆市轨道交通(集团)有限公司
178464.SH,G21德旅1,2021/6/3,公司债,德清县文化旅游发展集团有限公司
102101028.IB,21重庆机场MTN001(绿色),2021/6/7,中期票据,重庆机场集团有限公司
132100030.IB,21灵山GN001,2021/6/7,中期票据,无锡灵山文化旅游集团有限公司
188185.SH,GC华电03,2021/6/8,公司债,中国华电集团有限公司
132100059.IB,21常州轨交GN001(碳中和债),2021/6/15,中期票据,常州地铁集团有限公司
189295.SH,PRGC国新,2021/6/15,资产支持证券,国家能源集团新能源有限责任公司
132100061.IB,21三峡GN006,2021/6/16,短期融资券,中国长江三峡集团有限公司
178764.SH,G21汇兴2,2021/6/17,公司债,泸州汇兴投资集团有限公司
102101118.IB,21青岛地铁MTN002(碳中和债),2021/6/18,中期票据,青岛地铁集团有限公司
102101119.IB,21九龙江MTN002(绿色),2021/6/18,中期票据,漳州市九龙江集团有限公司
132100062.IB,21晋能电力GN001(碳中和债),2021/6/18,中期票据,晋能控股电力集团有限公司
132100063.IB,21宁波轨交GN001(碳中和债),2021/6/18,中期票据,宁波市轨道交通集团有限公司
032100664.IB,21太湖旅业PPN001(绿色),2021/6/21,定向工具,苏州太湖旅业发展有限公司
102101134.IB,21泉州交通MTN001(碳中和债),2021/6/21,中期票据,泉州交通发展集团有限责任公司
178793.SH,G21阿地1,2021/6/22,公司债,阿克苏地区绿色实业开发有限公司
133008.SZ,21潍财G1,2021/6/25,公司债,潍坊市城区西部投资发展集团有限公司
188243.SH,G21长电1,2021/6/25,公司债,中国长江电力股份有限公司
102101181.IB,21锡交通MTN003(碳中和债),2021/6/25,中期票据,无锡市交通产业集团有限公司
102101182.IB,21深圳地铁MTN003(碳中和债),2021/6/25,中期票据,深圳市地铁集团有限公司
178798.SH,G21旅业1,2021/6/28,公司债,苏州太湖旅业发展有限公司
102101189.IB,21豫水利MTN001(乡村振兴),2021/6/28,中期票据,河南水利投资集团有限公司
132100066.IB,21福新能源GN003(蓝债),2021/6/28,中期票据,福建华电福瑞能源发展有限公司
2180231.IB,21南通地铁绿色债01,2021/6/29,企业债,南通城市建设集团有限公司
032100724.IB,21江北建设PPN002(乡村振兴),2021/6/30,定向工具,南京江北新区建设投资集团有限公司
133015.SZ,21仁寿G1,2021/6/30,公司债,仁寿发展投资集团有限公司
102101230.IB,21国能新能MTN001(绿色),2021/6/30,中期票据,国家能源集团新能源有限责任公司
102101126.IB,21瀚蓝MTN001(绿色),2021/7/1,中期票据,瀚蓝环境股份有限公司
102101231.IB,21皖能源MTN001(碳中和债),2021/7/1,中期票据,安徽省能源集团有限公司
132100070.IB,21云能投GN001(权益出资),2021/7/1,中期票据,云南省能源投资集团有限公司
2180248.IB,21兴发绿色债,2021/7/2,企业债,宜昌兴发集团有限责任公司
40749.HK,阳光100中国 13% N20220629,2021/7/2,,阳光100中国控股有限公司
2180233.IB,21临川绿色债02,2021/7/5,企业债,抚州市临川区城镇建设开发投资有限公司
152916.SH,G21城建1,2021/7/6,企业债,南通城市建设集团有限公司
152919.SH,G21临川2,2021/7/7,企业债,抚州市临川区城镇建设开发投资有限公司
102101248.IB,21香城投资MTN002(碳中和债),2021/7/7,中期票据,成都香城投资集团有限公司
40754.HK,龙光集团 4.7% N20260706,2021/7/7,,龙光集团有限公司
152926.SH,G21兴发,2021/7/8,企业债,宜昌兴发集团有限责任公司
177571.SH,G21东台1,2021/7/9,公司债,东台市城市建设投资发展集团有限公司
132100072.IB,21国能新能GN005(碳中和债),2021/7/13,中期票据,国家能源集团新能源有限责任公司
132100073.IB,21京能源GN001(碳中和债),2021/7/14,中期票据,北京能源集团有限责任公司
132100074.IB,21中节能GN002,2021/7/14,中期票据,中国节能环保集团有限公司
196557.SH,G21万盛4,2021/7/16,公司债,重庆市万盛经济技术开发区开发投资集团有限公司
132100077.IB,21川投能源GN001(碳中和债),2021/7/19,定向工具,四川川投能源股份有限公司
102101306.IB,21栾川钼业MTN001(绿色),2021/7/19,中期票据,洛阳栾川钼业集团股份有限公司
196523.SH,G21苏旅1,2021/7/20,公司债,苏州高新旅游产业集团有限公司
149550.SZ,21润租G1,2021/7/20,公司债,华润融资租赁有限公司
102101316.IB,21锡交通MTN005(碳中和债),2021/7/20,中期票据,无锡市交通产业集团有限公司
132100075.IB,21国家能源GN001,2021/7/20,中期票据,国家能源投资集团有限责任公司
132100076.IB,21京能洁能GN001(碳中和债),2021/7/20,中期票据,北京京能清洁能源电力股份有限公司
136151.SZ,21中海4A,2021/7/20,资产支持证券,北京中海广场商业发展有限公司
2180273.IB,21长金绿色债01,2021/7/21,企业债,浙江长兴金融控股集团有限公司
082100673.IB,21华润电力ABN001优先(碳中和债),2021/7/21,资产支持证券,华润电力投资有限公司
082100674.IB,21华润电力ABN001次(碳中和债),2021/7/21,资产支持证券,华润电力投资有限公司
2180281.IB,21丰城绿色债01,2021/7/22,企业债,丰城发展投资控股集团有限公司
40773.HK,上坤地产 12.25% N20220721,2021/7/23,,上坤地产集团有限公司
152955.SH,G21长金1,2021/7/26,企业债,浙江长兴金融控股集团有限公司
102101362.IB,21中山公用MTN001(绿色),2021/7/26,中期票据,中山公用事业集团股份有限公司
102101363.IB,21中交城投MTN001(绿色),2021/7/26,中期票据,中交城市投资控股有限公司
132100081.IB,21国家能源GN002,2021/7/26,中期票据,国家能源投资集团有限责任公司
152961.SH,G21丰城1,2021/7/27,企业债,丰城发展投资控股集团有限公司
102101367.IB,21温州交运MTN001(碳中和债),2021/7/27,中期票据,温州市交通运输集团有限公司
132100067.IB,21灵山GN002,2021/7/28,中期票据,无锡灵山文化旅游集团有限公司
40779.HK,佳源国际控股 7% CB20250127,2021/7/28,,佳源国际控股有限公司
2180287.IB,21抚投绿债01,2021/7/29,企业债,抚州市投资发展(集团)有限公司
102101411.IB,21光大绿环MTN001(碳中和债),2021/7/29,中期票据,中国光大绿色环保有限公司
132100084.IB,21重庆轨交GN005(碳中和债),2021/7/29,中期票据,重庆市轨道交通(集团)有限公司
133045.SZ,21诸交G1,2021/7/30,公司债,诸暨市交通基础设施建设有限公司
178975.SH,G21鄱湖,2021/8/2,公司债,九江市鄱湖生态建设有限公司
102101435.IB,21深能源MTN001(碳中和债),2021/8/2,中期票据,深圳能源集团股份有限公司
102101436.IB,21申能股MTN001(碳中和债),2021/8/2,中期票据,申能股份有限公司
152967.SH,G21抚州1,2021/8/3,企业债,抚州市投资发展(集团)有限公司
196692.SH,GC湖城01,2021/8/4,公司债,湖州市城市投资发展集团有限公司
2180314.IB,21天宁债,2021/8/5,企业债,常州天宁建设发展集团有限公司
132100085.IB,21龙源电力GN001(碳中和债),2021/8/5,中期票据,龙源电力集团股份有限公司
132100086.IB,21大唐发电GN001(碳中和债),2021/8/5,中期票据,大唐国际发电股份有限公司
102101465.IB,21昆明轨道MTN001(绿色),2021/8/6,中期票据,昆明轨道交通集团有限公司
149583.SZ,21海垦V1,2021/8/9,公司债,海南省农垦投资控股集团有限公司
132100087.IB,21粤电开GN001(碳中和债),2021/8/9,中期票据,广东省电力开发有限公司
189825.SH,PRG福优,2021/8/9,资产支持证券,福州市自来水有限公司
189826.SH,G福水次,2021/8/9,资产支持证券,福州市自来水有限公司
189605.SH,PRG吴A1,2021/8/11,资产支持证券,吴都融资租赁(天津)有限公司
189606.SH,G吴都A2,2021/8/11,资产支持证券,吴都融资租赁(天津)有限公司
189607.SH,G吴都A3,2021/8/11,资产支持证券,吴都融资租赁(天津)有限公司
189608.SH,G吴都A4,2021/8/11,资产支持证券,吴都融资租赁(天津)有限公司
189609.SH,G吴都次,2021/8/11,资产支持证券,吴都融资租赁(天津)有限公司
152946.SH,G21天宁1,2021/8/13,企业债,常州天宁建设发展集团有限公司
132100088.IB,21国能新能GN006,2021/8/13,中期票据,国家能源集团新能源有限责任公司
179692.SH,PR余交1,2021/8/13,资产支持证券,宁波舜通集团有限公司
179693.SH,G余公交2,2021/8/13,资产支持证券,宁波舜通集团有限公司
179694.SH,G余公交3,2021/8/13,资产支持证券,宁波舜通集团有限公司
179695.SH,G余公交4,2021/8/13,资产支持证券,宁波舜通集团有限公司
179696.SH,G余公交5,2021/8/13,资产支持证券,宁波舜通集团有限公司
179697.SH,G余公交6,2021/8/13,资产支持证券,宁波舜通集团有限公司
179698.SH,G余公交7,2021/8/13,资产支持证券,宁波舜通集团有限公司
179699.SH,G余公交8,2021/8/13,资产支持证券,宁波舜通集团有限公司
179700.SH,G余公交9,2021/8/13,资产支持证券,宁波舜通集团有限公司
179701.SH,G余交次,2021/8/13,资产支持证券,宁波舜通集团有限公司
132100089.IB,21三峡GN009(碳中和债),2021/8/16,短期融资券,中国长江三峡集团有限公司
132100090.IB,21三峡GN010(碳中和债),2021/8/16,中期票据,中国长江三峡集团有限公司
175842.SH,GC凯盛01,2021/8/19,公司债,凯盛科技集团有限公司
196846.SH,G21有轨1,2021/8/20,公司债,苏州高新有轨电车集团有限公司
132100092.IB,21兴城投资GN001,2021/8/20,中期票据,成都兴城投资集团有限公司
133055.SZ,21通灵G1,2021/8/23,公司债,金通灵科技集团股份有限公司
132100093.IB,21鲁能源GN005(碳中和债),2021/8/23,中期票据,山东能源集团有限公司
188513.SH,GC财团01,2021/8/24,公司债,苏州中方财团控股股份有限公司
188514.SH,GC财团02,2021/8/24,公司债,苏州中方财团控股股份有限公司
042100351.IB,21平高CP003(绿色),2021/8/26,短期融资券,平高集团有限公司
132100096.IB,21国电GN003(碳中和债),2021/8/27,中期票据,国电电力发展股份有限公司
2180339.IB,21抚投绿债02,2021/8/30,企业债,抚州市投资发展(集团)有限公司
132100098.IB,21华电股GN001,2021/8/31,中期票据,华电国际电力股份有限公司
2180340.IB,21长轨债01,2021/9/1,企业债,长春市轨道交通集团有限公司
132100100.IB,21南昌轨交GN004,2021/9/1,短期融资券,南昌轨道交通集团有限公司
082100831.IB,21南网租赁ABN001次(碳中和债),2021/9/1,资产支持证券,南网融资租赁有限公司
102101752.IB,21昆明轨道MTN002(绿色),2021/9/1,中期票据,昆明轨道交通集团有限公司
102101755.IB,21深圳地铁MTN004(碳中和债),2021/9/1,中期票据,深圳市地铁集团有限公司
184021.SH,G21抚州2,2021/9/2,企业债,抚州市投资发展(集团)有限公司
196736.SH,G21修竹1,2021/9/2,公司债,浙江安吉修竹绿化工程有限公司
2180341.IB,21长兴绿色债01,2021/9/3,企业债,长兴城市建设投资集团有限公司
2180353.IB,21龙口绿债01,2021/9/3,企业债,龙口市城乡建设投资发展有限公司
2180355.IB,21武铁绿色可续期债02,2021/9/3,企业债,武汉地铁集团有限公司
197016.SH,G21临发1,2021/9/3,公司债,临沂城市发展集团有限公司
197017.SH,G21临发2,2021/9/3,公司债,临沂城市发展集团有限公司
188656.SH,G21FRY1,2021/9/3,公司债,福建华电福瑞能源发展有限公司
132100101.IB,21越秀集团GN002(革命老区),2021/9/3,中期票据,广州越秀集团股份有限公司
2180362.IB,21扬化绿色债01,2021/9/6,企业债,扬州新材料投资集团有限公司
132100103.IB,21三峡GN011,2021/9/6,短期融资券,中国长江三峡集团有限公司
042100393.IB,21盛虹科技CP002(绿色),2021/9/6,短期融资券,江苏盛虹科技股份有限公司
188653.SH,G21FRY3,2021/9/6,公司债,福建华电福瑞能源发展有限公司
139474.SH,G21武Y2,2021/9/7,企业债,武汉地铁集团有限公司
184022.SH,G21长兴1,2021/9/7,企业债,长兴城市建设投资集团有限公司
184037.SH,G21龙债1,2021/9/7,企业债,龙口市城乡建设投资发展有限公司
082100841.IB,21国能生物ABN001优先(碳中和债),2021/9/7,资产支持证券,国能生物发电集团有限公司
082100842.IB,21国能生物ABN001次(碳中和债),2021/9/7,资产支持证券,国能生物发电集团有限公司
184041.SH,G21扬化1,2021/9/9,企业债,扬州新材料投资集团有限公司
132100104.IB,21高淳文旅GN001,2021/9/9,定向工具,南京高淳文化旅游投资有限公司
40828.HK,禹洲集团 9.95% N20230608,2021/9/9,,禹洲集团控股有限公司
149624.SZ,21深G11,2021/9/10,公司债,深圳市地铁集团有限公司
149625.SZ,21深G12,2021/9/10,公司债,深圳市地铁集团有限公司
132100097.IB,21大唐发电GN002(碳中和债),2021/9/10,中期票据,大唐国际发电股份有限公司
132100105.IB,21德清经开GN001(项目收益),2021/9/14,定向工具,浙江德清经开投资集团有限公司
149628.SZ,21穗环G1,2021/9/16,公司债,广州环保投资集团有限公司
132100108.IB,21国电GN004A(蓝色债券),2021/9/17,中期票据,国电电力发展股份有限公司
132100109.IB,21国电GN004B(蓝色债券),2021/9/17,中期票据,国电电力发展股份有限公司
132100110.IB,21红狮GN001(碳中和债),2021/9/17,中期票据,红狮控股集团有限公司
132100113.IB,21三峡GN013(碳中和债),2021/9/18,中期票据,中国长江三峡集团有限公司
132100114.IB,21三峡GN012(碳中和债),2021/9/18,中期票据,中国长江三峡集团有限公司
40848.HK,弘阳地产 9.5% N20230920,2021/9/21,,弘阳地产集团有限公司
197202.SH,G21延旅1,2021/9/23,公司债,延安旅游(集团)有限公司
2180384.IB,21南通地铁绿色债02,2021/9/24,企业债,南通城市建设集团有限公司
012103492.IB,21深圳地铁SCP006(绿色),2021/9/24,短期融资券,深圳市地铁集团有限公司
132100116.IB,21福瑞能源GN001(革命老区),2021/9/26,中期票据,福建华电福瑞能源发展有限公司
133080.SZ,21乌铁G1,2021/9/27,公司债,乌鲁木齐城市轨道集团有限公司
132100080.IB,21大唐新能GN001(碳中和债),2021/9/27,中期票据,中国大唐集团新能源股份有限公司
012103520.IB,21山东电工SCP002(绿色),2021/9/28,短期融资券,山东电工电气集团有限公司
082100965.IB,21国网租赁ABN002次(碳中和债),2021/9/28,资产支持证券,国网国际融资租赁有限公司
102101958.IB,21上海环境MTN001(绿色),2021/9/28,中期票据,上海环境集团股份有限公司
188764.SH,G21桂冠1,2021/9/29,公司债,广西桂冠电力股份有限公司
132100118.IB,21福瑞能源GN002(革命老区),2021/9/29,中期票据,福建华电福瑞能源发展有限公司
132100120.IB,21福瑞能源GN003(革命老区),2021/9/29,中期票据,福建华电福瑞能源发展有限公司
193252.SH,PR能投优,2021/9/29,资产支持证券,河北协鑫新能源有限公司
193253.SH,GC能投次,2021/9/29,资产支持证券,河北协鑫新能源有限公司
40866.HK,景瑞控股 12% N20240128,2021/9/29,,景瑞控股有限公司
184023.SH,G21长轨1,2021/9/30,企业债,长春市轨道交通集团有限公司
184060.SH,G21城建2,2021/9/30,企业债,南通城市建设集团有限公司
188817.SH,GC华能02,2021/10/8,公司债,中国华能集团有限公司
188818.SH,GC华能03,2021/10/8,公司债,中国华能集团有限公司
102102008.IB,21临沂投资MTN002(革命老区),2021/10/8,中期票据,临沂投资发展集团有限公司
132100122.IB,21浙能源GN002(碳中和债),2021/10/8,中期票据,浙江省能源集团有限公司
197249.SH,G21浔开1,2021/10/11,公司债,浙江湖州南浔经济建设开发有限公司
012103756.IB,21晋能山西SCP003(碳中和债),2021/10/19,短期融资券,晋能控股山西电力股份有限公司
132100126.IB,21南京地铁GN002(碳中和债),2021/10/19,中期票据,南京地铁集团有限公司
2180422.IB,21新沂绿色债,2021/10/22,企业债,新沂市城市投资发展集团有限公司
132100099.IB,21越秀集团GN003,2021/10/22,中期票据,广州越秀集团股份有限公司
012103826.IB,21昆明轨道SCP003(绿色),2021/10/25,短期融资券,昆明轨道交通集团有限公司
102102104.IB,21穗自来水MTN002(绿色),2021/10/25,中期票据,广州市自来水有限公司
132100129.IB,21中电国际GN001(碳中和债),2021/10/25,中期票据,中国电力国际发展有限公司
032101135.IB,21吴中国太PPN001(绿色),2021/10/26,定向工具,苏州吴中国太发展有限公司
2180421.IB,21富源绿色债01,2021/10/27,企业债,遂宁市富源实业有限公司
196839.SH,G21长建1,2021/10/27,公司债,长兴城市建设投资集团有限公司
184089.SH,G21新沂,2021/10/28,企业债,新沂市城市投资发展集团有限公司
149672.SZ,21润租G2,2021/10/28,公司债,华润融资租赁有限公司
132100130.IB,21凯盛科技GN001,2021/10/28,中期票据,凯盛科技集团有限公司
184092.SH,G21富源,2021/10/29,企业债,遂宁市富源实业有限公司
132100125.IB,21太仓水务GN001,2021/10/29,中期票据,太仓市水务集团有限公司
132100132.IB,21山鹰国际GN001,2021/11/1,中期票据,山鹰国际控股股份公司
2180430.IB,21扬新绿色债02,2021/11/2,企业债,扬州新材料投资集团有限公司
082101077.IB,21广东电力ABN001优先,2021/11/2,资产支持证券,国家电投集团广东电力有限公司
082101078.IB,21广东电力ABN001次,2021/11/2,资产支持证券,国家电投集团广东电力有限公司
2180433.IB,21西安轨道绿色债01,2021/11/3,企业债,西安市轨道交通集团有限公司
149680.SZ,21北新G1,2021/11/3,公司债,北新集团建材股份有限公司
188937.SH,GC华能04,2021/11/3,公司债,中国华能集团有限公司
132100133.IB,21福瑞能源GN004(碳中和债),2021/11/4,中期票据,福建华电福瑞能源发展有限公司
184095.SH,G21扬新2,2021/11/5,企业债,扬州新材料投资集团有限公司
2180438.IB,21长金绿色债02,2021/11/5,企业债,浙江长兴金融控股集团有限公司
102102250.IB,21巢湖城镇MTN001(绿色),2021/11/5,中期票据,巢湖市城镇建设投资有限公司
136667.SZ,G节能水1,2021/11/8,资产支持证券,中节能水务发展有限公司
136668.SZ,G节能水2,2021/11/8,资产支持证券,中节能水务发展有限公司
136669.SZ,G节能水3,2021/11/8,资产支持证券,中节能水务发展有限公司
136670.SZ,G节能水4,2021/11/8,资产支持证券,中节能水务发展有限公司
136671.SZ,G节能水5,2021/11/8,资产支持证券,中节能水务发展有限公司
184098.SH,G21西轨1,2021/11/10,企业债,西安市轨道交通集团有限公司
102102272.IB,21湖州城投MTN002(项目收益),2021/11/10,中期票据,湖州市城市投资发展集团有限公司
184105.SH,G21长金2,2021/11/11,企业债,浙江长兴金融控股集团有限公司
132100137.IB,21南昌轨交GN005,2021/11/12,短期融资券,南昌轨道交通集团有限公司
133115.SZ,21乌铁G2,2021/11/12,公司债,乌鲁木齐城市轨道集团有限公司
102102282.IB,21山东公用MTN002(绿色),2021/11/12,中期票据,山东公用控股有限公司
193710.SH,PR文1A1,2021/11/12,资产支持证券,江苏华文融资租赁有限公司
193711.SH,G华文1A2,2021/11/12,资产支持证券,江苏华文融资租赁有限公司
193712.SH,G华文1B,2021/11/12,资产支持证券,江苏华文融资租赁有限公司
193713.SH,G华文1C,2021/11/12,资产支持证券,江苏华文融资租赁有限公司
012104089.IB,21国家管网SCP001(绿色),2021/11/15,短期融资券,国家石油天然气管网集团有限公司
188963.SH,G21华新1,2021/11/15,公司债,华电新能源集团股份有限公司
132100136.IB,21三峡GN014(碳中和债),2021/11/15,中期票据,中国长江三峡集团有限公司
102102307.IB,21国能江苏MTN001(碳中和债),2021/11/17,中期票据,国家能源集团江苏电力有限公司
132100139.IB,21三峡GN015(碳中和债),2021/11/17,中期票据,中国长江三峡集团有限公司
178930.SH,GC太科01,2021/11/18,公司债,太仓市科教文化发展有限公司
102180029.IB,21昆明轨道MTN003(绿色),2021/11/19,中期票据,昆明轨道交通集团有限公司
132100150.IB,21中能建GN001(碳中和债),2021/11/19,中期票据,中国能源建设股份有限公司
132100151.IB,21浙能源GN003(蓝债),2021/11/19,中期票据,浙江省能源集团有限公司
102103036.IB,21大横琴MTN002(绿色),2021/11/22,中期票据,珠海大横琴集团有限公司
132100152.IB,21北电GN001,2021/11/22,中期票据,北方联合电力有限责任公司
185021.SH,G21华新2,2021/11/23,公司债,华电新能源集团股份有限公司
132100153.IB,21宿迁文旅GN001,2021/11/23,中期票据,宿迁文化旅游发展集团有限公司
132180001.IB,21烟台打捞GN001,2021/11/23,中期票据,烟台打捞局
132100154.IB,21新华水力GN001,2021/11/24,中期票据,新华水力发电有限公司
102103079.IB,21蓉城轨交MTN004(碳中和债),2021/11/25,中期票据,成都轨道交通集团有限公司
102103080.IB,21长兴交投MTN001(项目收益),2021/11/25,中期票据,长兴交通投资集团有限公司
132100155.IB,21华润租赁GN001(碳中和债),2021/11/25,中期票据,华润融资租赁有限公司
185020.SH,GC核融01,2021/11/26,公司债,中核融资租赁有限公司
185043.SH,G21综能1,2021/11/26,公司债,国网综合能源服务集团有限公司
193724.SH,PR蔚来A,2021/11/26,资产支持证券,上海蔚来融资租赁有限公司
193725.SH,GC蔚来B,2021/11/26,资产支持证券,上海蔚来融资租赁有限公司
193726.SH,GC蔚来次,2021/11/26,资产支持证券,上海蔚来融资租赁有限公司
2180465.IB,21宜控绿色债,2021/11/29,企业债,宜昌城市发展投资集团有限公司
197616.SH,G21苏林1,2021/11/29,公司债,苏州风景园林投资发展集团有限公司
102103113.IB,21国能新能MTN002(绿色),2021/11/29,中期票据,国家能源集团新能源有限责任公司
132100156.IB,21重庆轨交GN006(碳中和债),2021/11/29,中期票据,重庆市轨道交通(集团)有限公司
132100004.IB,21中浦石化GN001,2021/11/30,中期票据,宁波市中浦石化投资集团有限公司
132100157.IB,21沈阳地铁GN002,2021/11/30,中期票据,沈阳地铁集团有限公司
197233.SH,G21汴投1,2021/12/1,公司债,开封国有资产投资经营集团有限公司
102103136.IB,21长沙水业MTN001(绿色),2021/12/2,中期票据,长沙水业集团有限公司
102103149.IB,21昆明轨道MTN004(绿色),2021/12/2,中期票据,昆明轨道交通集团有限公司
102103153.IB,21滇池投资MTN001(绿色),2021/12/2,中期票据,昆明滇池投资有限责任公司
184124.SH,G21宜控1,2021/12/3,企业债,宜昌城市发展投资集团有限公司
132100159.IB,21龙源电力GN002,2021/12/3,中期票据,龙源电力集团股份有限公司
132100160.IB,21海峡环保GN003,2021/12/6,短期融资券,福建海峡环保集团股份有限公司
102103165.IB,21穗自来水MTN004(绿色),2021/12/6,中期票据,广州市自来水有限公司
012105285.IB,21中核租赁SCP002(绿色),2021/12/7,短期融资券,中核融资租赁有限公司
102103178.IB,21深圳地铁MTN006(碳中和债),2021/12/7,中期票据,深圳市地铁集团有限公司
132100162.IB,21淮安新投GN001,2021/12/9,定向工具,淮安新城投资开发有限公司
012105339.IB,21国家管网SCP003(绿色),2021/12/10,短期融资券,国家石油天然气管网集团有限公司
012105340.IB,21国家管网SCP002(绿色),2021/12/10,短期融资券,国家石油天然气管网集团有限公司
132100161.IB,21昆山城投GN001(项目收益),2021/12/10,中期票据,昆山城市建设投资发展集团有限公司
193910.SH,PR吴租A1,2021/12/10,资产支持证券,吴都融资租赁(天津)有限公司
193925.SH,G吴租A2,2021/12/10,资产支持证券,吴都融资租赁(天津)有限公司
193926.SH,G吴租A3,2021/12/10,资产支持证券,吴都融资租赁(天津)有限公司
193927.SH,G吴租A4,2021/12/10,资产支持证券,吴都融资租赁(天津)有限公司
193928.SH,G吴租次,2021/12/10,资产支持证券,吴都融资租赁(天津)有限公司
132100163.IB,21南昌轨交GN006,2021/12/13,短期融资券,南昌轨道交通集团有限公司
102103239.IB,21深圳地铁MTN007(碳中和债),2021/12/14,中期票据,深圳市地铁集团有限公司
2180497.IB,21粤环保绿色债01,2021/12/15,企业债,广东省环保集团有限公司
197758.SH,G21浔开2,2021/12/15,公司债,浙江湖州南浔经济建设开发有限公司
193799.SH,PR常1,2021/12/15,资产支持证券,常德市公共交通有限责任公司
193800.SH,G常公交2,2021/12/15,资产支持证券,常德市公共交通有限责任公司
193801.SH,G常公交3,2021/12/15,资产支持证券,常德市公共交通有限责任公司
193802.SH,G常公交4,2021/12/15,资产支持证券,常德市公共交通有限责任公司
193803.SH,G常公交5,2021/12/15,资产支持证券,常德市公共交通有限责任公司
193804.SH,G常公交6,2021/12/15,资产支持证券,常德市公共交通有限责任公司
193805.SH,G常公交7,2021/12/15,资产支持证券,常德市公共交通有限责任公司
193806.SH,G常公交8,2021/12/15,资产支持证券,常德市公共交通有限责任公司
193807.SH,G常公交9,2021/12/15,资产支持证券,常德市公共交通有限责任公司
193808.SH,G常公次,2021/12/15,资产支持证券,常德市公共交通有限责任公司
2180492.IB,21桃鑫达债01,2021/12/17,企业债,桃源县鑫达交通建设有限责任公司
132100166.IB,21中电路桥GN001,2021/12/17,中期票据,中电建路桥集团有限公司
193683.SH,21五局3A,2021/12/17,资产支持证券,中建商业保理有限公司
197871.SH,GC太湖01,2021/12/20,公司债,无锡市太湖新城发展集团有限公司
2180508.IB,21达州国资绿色债,2021/12/21,企业债,达州市高新科创有限公司
012105456.IB,21广州地铁SCP012(绿色),2021/12/21,短期融资券,广州地铁集团有限公司
133136.SZ,21沛国GV,2021/12/21,公司债,沛县国有资产经营有限公司
102103295.IB,21粤环保MTN001(绿色),2021/12/21,中期票据,广东省环保集团有限公司
132100167.IB,21京能洁能GN002,2021/12/21,中期票据,北京京能清洁能源电力股份有限公司
132100168.IB,21越秀集团GN001(乡村振兴),2021/12/21,中期票据,广州越秀集团股份有限公司
132100169.IB,21华能集GN002(碳中和债),2021/12/21,中期票据,中国华能集团有限公司
184153.SH,G21粤环1,2021/12/22,企业债,广东省环保集团有限公司
185142.SH,G21苏交1,2021/12/22,公司债,江苏交通控股有限公司
184150.SH,21鑫达01,2021/12/23,企业债,桃源县鑫达交通建设有限责任公司
197293.SH,G21延旅2,2021/12/23,公司债,延安旅游(集团)有限公司
184165.SH,G21达资,2021/12/24,企业债,达州市高新科创有限公司
102103318.IB,21东方电气MTN003(碳中和债),2021/12/24,中期票据,中国东方电气集团有限公司
132100164.IB,21三峰环境GN001,2021/12/27,中期票据,重庆三峰环境集团股份有限公司
102103332.IB,21华能江苏MTN001(碳中和债),2021/12/28,中期票据,华能国际电力江苏能源开发有限公司
132100170.IB,21中节能GN003,2021/12/28,中期票据,中国节能环保集团有限公司
082101467.IB,21光大环保ABN001优先(碳中和债),2021/12/29,资产支持证券,光大环保(中国)有限公司
082101468.IB,21光大环保ABN001次(碳中和债),2021/12/29,资产支持证券,光大环保(中国)有限公司
132100172.IB,21中石化GN001,2021/12/29,中期票据,中国石油化工股份有限公司
2180527.IB,21西安轨道绿色债02,2021/12/30,企业债,西安市轨道交通集团有限公司
082101475.IB,21三峡新能ABN002(碳中和债),2021/12/30,资产支持证券,中国三峡新能源(集团)股份有限公司
ZC21121703.IB,21南网租赁ABN002次(碳中和债),2021/12/30,资产支持证券,南网融资租赁有限公司
2180520.IB,21上虞绿色债02,2021/12/31,企业债,绍兴市上虞区国有资本投资运营有限公司
185151.SH,GC国铁02,2021/12/31,公司债,中国铁路投资有限公司
185181.SH,G中建Y1,2021/12/31,公司债,中建科技集团有限公司